ISO-10303-21;
HEADER;
FILE_DESCRIPTION (( 'STEP AP214' ),
    '1' );
FILE_NAME ('Hook V2 REBUILT.STEP',
    '2026-02-14T20:00:32',
    ( '' ),
    ( '' ),
    'SwSTEP 2.0',
    'SolidWorks 2024',
    '' );
FILE_SCHEMA (( 'AUTOMOTIVE_DESIGN' ));
ENDSEC;

DATA;
#1 = SURFACE_SIDE_STYLE ('',( #480 ) ) ;
#2 = ORIENTED_EDGE ( 'NONE', *, *, #395, .T. ) ;
#3 = CARTESIAN_POINT ( 'NONE',  ( 4.700000000000000178, -2.250000000000000000, 0.000000000000000000 ) ) ;
#4 = ORIENTED_EDGE ( 'NONE', *, *, #809, .F. ) ;
#5 = DIRECTION ( 'NONE',  ( 1.000000000000000000, 0.000000000000000000, 0.000000000000000000 ) ) ;
#6 = FACE_OUTER_BOUND ( 'NONE', #822, .T. ) ;
#7 = DIRECTION ( 'NONE',  ( 0.000000000000000000, 0.000000000000000000, 1.000000000000000000 ) ) ;
#8 = VECTOR ( 'NONE', #381, 39.37007874015748143 ) ;
#9 = EDGE_CURVE ( 'NONE', #914, #768, #112, .T. ) ;
#10 = LINE ( 'NONE', #675, #1088 ) ;
#11 = ORIENTED_EDGE ( 'NONE', *, *, #277, .T. ) ;
#12 = LINE ( 'NONE', #114, #375 ) ;
#13 = AXIS2_PLACEMENT_3D ( 'NONE', #718, #1042, #817 ) ;
#14 = ORIENTED_EDGE ( 'NONE', *, *, #1247, .T. ) ;
#15 = LINE ( 'NONE', #680, #1165 ) ;
#16 = FACE_OUTER_BOUND ( 'NONE', #781, .T. ) ;
#17 = CARTESIAN_POINT ( 'NONE',  ( 2.558583481077426391, -0.6499999999999998002, -0.1250000000000000000 ) ) ;
#18 = CIRCLE ( 'NONE', #1158, 0.1004999999999996452 ) ;
#19 = DIRECTION ( 'NONE',  ( -0.000000000000000000, -0.000000000000000000, -1.000000000000000000 ) ) ;
#20 = VERTEX_POINT ( 'NONE', #472 ) ;
#21 = DIRECTION ( 'NONE',  ( -0.6575342465753436505, -0.7534246575342455898, 0.000000000000000000 ) ) ;
#22 = ORIENTED_EDGE ( 'NONE', *, *, #131, .F. ) ;
#23 = DIRECTION ( 'NONE',  ( 0.000000000000000000, 0.000000000000000000, 1.000000000000000000 ) ) ;
#24 = CARTESIAN_POINT ( 'NONE',  ( 2.658583481077426480, -0.7500000000000001110, 0.000000000000000000 ) ) ;
#25 = CARTESIAN_POINT ( 'NONE',  ( 4.700000000000000178, -1.350000000000000089, 0.000000000000000000 ) ) ;
#26 = ORIENTED_EDGE ( 'NONE', *, *, #299, .F. ) ;
#27 = VERTEX_POINT ( 'NONE', #1147 ) ;
#28 = CIRCLE ( 'NONE', #1051, 0.1005000000000002003 ) ;
#29 = DIRECTION ( 'NONE',  ( 0.000000000000000000, 0.000000000000000000, 1.000000000000000000 ) ) ;
#30 = DIRECTION ( 'NONE',  ( 0.000000000000000000, 0.000000000000000000, 1.000000000000000000 ) ) ;
#31 = ORIENTED_EDGE ( 'NONE', *, *, #786, .F. ) ;
#32 = EDGE_CURVE ( 'NONE', #1342, #1182, #600, .T. ) ;
#33 = ORIENTED_EDGE ( 'NONE', *, *, #628, .T. ) ;
#34 = CARTESIAN_POINT ( 'NONE',  ( 4.613000000000000433, -2.750000000000000000, -0.1250000000000000000 ) ) ;
#35 = CARTESIAN_POINT ( 'NONE',  ( 3.207738371066743532, -0.6500000000000000222, -0.1250000000000000000 ) ) ;
#36 = EDGE_CURVE ( 'NONE', #988, #330, #10, .T. ) ;
#37 = DIRECTION ( 'NONE',  ( 0.000000000000000000, 0.000000000000000000, 1.000000000000000000 ) ) ;
#38 = ORIENTED_EDGE ( 'NONE', *, *, #947, .T. ) ;
#39 = EDGE_LOOP ( 'NONE', ( #1193, #1060, #869, #536 ) ) ;
#40 = CARTESIAN_POINT ( 'NONE',  ( 5.988000000000000433, -2.750000000000000000, -0.1250000000000000000 ) ) ;
#41 = DIRECTION ( 'NONE',  ( 1.000000000000000000, 0.000000000000000000, 0.000000000000000000 ) ) ;
#42 = EDGE_CURVE ( 'NONE', #208, #343, #495, .T. ) ;
#43 = CARTESIAN_POINT ( 'NONE',  ( 4.700000000000000178, -1.350000000000000089, -0.1250000000000000000 ) ) ;
#44 = PRODUCT_DEFINITION_FORMATION_WITH_SPECIFIED_SOURCE ( 'ANY', '', #457, .NOT_KNOWN. ) ;
#45 = AXIS2_PLACEMENT_3D ( 'NONE', #439, #125, #913 ) ;
#46 = CARTESIAN_POINT ( 'NONE',  ( 5.887500000000000178, -2.750000000000000000, -0.1250000000000000000 ) ) ;
#47 = VERTEX_POINT ( 'NONE', #25 ) ;
#48 = CARTESIAN_POINT ( 'NONE',  ( 4.638356164383559133, -2.320633561643834941, -0.1250000000000000000 ) ) ;
#49 = AXIS2_PLACEMENT_3D ( 'NONE', #382, #833, #490 ) ;
#50 = DIRECTION ( 'NONE',  ( 1.000000000000000000, 0.000000000000000000, 0.000000000000000000 ) ) ;
#51 = FACE_OUTER_BOUND ( 'NONE', #107, .T. ) ;
#52 = AXIS2_PLACEMENT_3D ( 'NONE', #1124, #1162, #403 ) ;
#53 = EDGE_CURVE ( 'NONE', #988, #168, #182, .T. ) ;
#54 = ORIENTED_EDGE ( 'NONE', *, *, #742, .T. ) ;
#55 = DIRECTION ( 'NONE',  ( 0.000000000000000000, 0.000000000000000000, 1.000000000000000000 ) ) ;
#56 = CIRCLE ( 'NONE', #175, 0.8499999999999999778 ) ;
#57 = MANIFOLD_SOLID_BREP ( 'Cut-Extrude1', #1131 ) ;
#58 = VECTOR ( 'NONE', #666, 39.37007874015748143 ) ;
#59 = FACE_OUTER_BOUND ( 'NONE', #1264, .T. ) ;
#60 = CARTESIAN_POINT ( 'NONE',  ( 4.700000000000000178, -2.250000000000000000, 0.000000000000000000 ) ) ;
#61 = EDGE_CURVE ( 'NONE', #543, #217, #66, .T. ) ;
#62 = AXIS2_PLACEMENT_3D ( 'NONE', #1246, #342, #235 ) ;
#63 = ORIENTED_EDGE ( 'NONE', *, *, #742, .F. ) ;
#64 = AXIS2_PLACEMENT_3D ( 'NONE', #619, #748, #418 ) ;
#65 = DIRECTION ( 'NONE',  ( 0.1629443094095775202, 0.9866352679845962204, 0.000000000000000000 ) ) ;
#66 = CIRCLE ( 'NONE', #1476, 0.1000000000000000194 ) ;
#67 = FACE_BOUND ( 'NONE', #1037, .T. ) ;
#68 = LINE ( 'NONE', #1215, #692 ) ;
#69 = FACE_BOUND ( 'NONE', #557, .T. ) ;
#70 = AXIS2_PLACEMENT_3D ( 'NONE', #422, #183, #191 ) ;
#71 = ORIENTED_EDGE ( 'NONE', *, *, #754, .T. ) ;
#72 = DIRECTION ( 'NONE',  ( 0.000000000000000000, 0.000000000000000000, 1.000000000000000000 ) ) ;
#73 = DIRECTION ( 'NONE',  ( 0.000000000000000000, 0.000000000000000000, 1.000000000000000000 ) ) ;
#74 = EDGE_CURVE ( 'NONE', #94, #88, #265, .T. ) ;
#75 = VECTOR ( 'NONE', #802, 39.37007874015748143 ) ;
#76 = EDGE_CURVE ( 'NONE', #893, #1338, #119, .T. ) ;
#77 = DIRECTION ( 'NONE',  ( -1.000000000000000000, -0.000000000000000000, -0.000000000000000000 ) ) ;
#78 = VERTEX_POINT ( 'NONE', #933 ) ;
#79 = DIRECTION ( 'NONE',  ( -0.9866352679845961093, -0.1629443094095780198, 0.000000000000000000 ) ) ;
#80 = CARTESIAN_POINT ( 'NONE',  ( 4.411999999999999922, -2.750000000000000000, -0.1250000000000000000 ) ) ;
#81 = EDGE_CURVE ( 'NONE', #929, #156, #716, .T. ) ;
#82 = ORIENTED_EDGE ( 'NONE', *, *, #867, .T. ) ;
#83 = ORIENTED_EDGE ( 'NONE', *, *, #36, .T. ) ;
#84 = CARTESIAN_POINT ( 'NONE',  ( 5.300499999999999545, -1.625000000000000000, 0.000000000000000000 ) ) ;
#85 = ORIENTED_EDGE ( 'NONE', *, *, #1221, .T. ) ;
#86 = FACE_OUTER_BOUND ( 'NONE', #758, .T. ) ;
#87 = VERTEX_POINT ( 'NONE', #1128 ) ;
#88 = VERTEX_POINT ( 'NONE', #1378 ) ;
#89 = DIRECTION ( 'NONE',  ( 1.000000000000000000, 0.000000000000000000, 0.000000000000000000 ) ) ;
#90 = ORIENTED_EDGE ( 'NONE', *, *, #754, .F. ) ;
#91 = DIRECTION ( 'NONE',  ( 1.000000000000000000, 0.000000000000000000, 0.000000000000000000 ) ) ;
#92 = FACE_OUTER_BOUND ( 'NONE', #387, .T. ) ;
#93 = EDGE_CURVE ( 'NONE', #559, #979, #1260, .T. ) ;
#94 = VERTEX_POINT ( 'NONE', #242 ) ;
#95 = ORIENTED_EDGE ( 'NONE', *, *, #267, .T. ) ;
#96 = CARTESIAN_POINT ( 'NONE',  ( 5.300499999999999545, -3.125000000000000000, -0.1250000000000000000 ) ) ;
#97 = EDGE_CURVE ( 'NONE', #155, #496, #385, .T. ) ;
#98 = ORIENTED_EDGE ( 'NONE', *, *, #395, .F. ) ;
#99 = DIRECTION ( 'NONE',  ( 0.000000000000000000, 0.000000000000000000, 1.000000000000000000 ) ) ;
#100 = DIRECTION ( 'NONE',  ( 0.000000000000000000, 0.000000000000000000, 1.000000000000000000 ) ) ;
#101 = DIRECTION ( 'NONE',  ( 0.000000000000000000, 0.000000000000000000, 1.000000000000000000 ) ) ;
#102 = AXIS2_PLACEMENT_3D ( 'NONE', #1091, #1429, #746 ) ;
#103 = ORIENTED_EDGE ( 'NONE', *, *, #1181, .T. ) ;
#104 = ORIENTED_EDGE ( 'NONE', *, *, #882, .T. ) ;
#105 = EDGE_CURVE ( 'NONE', #768, #655, #831, .T. ) ;
#106 = CARTESIAN_POINT ( 'NONE',  ( 2.709893446831728170, -0.2500000000000000000, 0.000000000000000000 ) ) ;
#107 = EDGE_LOOP ( 'NONE', ( #288, #1360, #894, #362 ) ) ;
#108 = FACE_BOUND ( 'NONE', #815, .T. ) ;
#109 = DIRECTION ( 'NONE',  ( 0.000000000000000000, 0.000000000000000000, 1.000000000000000000 ) ) ;
#110 = LINE ( 'NONE', #301, #75 ) ;
#111 = VECTOR ( 'NONE', #972, 39.37007874015748143 ) ;
#112 = LINE ( 'NONE', #141, #1467 ) ;
#113 = ORIENTED_EDGE ( 'NONE', *, *, #1164, .T. ) ;
#114 = CARTESIAN_POINT ( 'NONE',  ( 5.786999999999999922, -2.750000000000000000, -0.1250000000000000000 ) ) ;
#115 = VERTEX_POINT ( 'NONE', #1188 ) ;
#116 = DIRECTION ( 'NONE',  ( 1.000000000000000000, 0.000000000000000000, 0.000000000000000000 ) ) ;
#117 = DIRECTION ( 'NONE',  ( 1.000000000000000000, 0.000000000000000000, 0.000000000000000000 ) ) ;
#118 = AXIS2_PLACEMENT_3D ( 'NONE', #334, #800, #923 ) ;
#119 = CIRCLE ( 'NONE', #307, 0.1004999999999996452 ) ;
#120 = DIRECTION ( 'NONE',  ( 0.000000000000000000, 0.000000000000000000, 1.000000000000000000 ) ) ;
#121 = EDGE_CURVE ( 'NONE', #136, #1448, #977, .T. ) ;
#122 = AXIS2_PLACEMENT_3D ( 'NONE', #598, #1058, #361 ) ;
#123 = DIRECTION ( 'NONE',  ( 0.000000000000000000, 0.000000000000000000, 1.000000000000000000 ) ) ;
#124 = ORIENTED_EDGE ( 'NONE', *, *, #1018, .F. ) ;
#125 = DIRECTION ( 'NONE',  ( -0.000000000000000000, -0.000000000000000000, -1.000000000000000000 ) ) ;
#126 = ORIENTED_EDGE ( 'NONE', *, *, #671, .T. ) ;
#127 = FACE_BOUND ( 'NONE', #236, .T. ) ;
#128 = DIRECTION ( 'NONE',  ( 0.000000000000000000, 0.000000000000000000, 1.000000000000000000 ) ) ;
#129 = FACE_OUTER_BOUND ( 'NONE', #647, .T. ) ;
#130 = VECTOR ( 'NONE', #55, 39.37007874015748143 ) ;
#131 = EDGE_CURVE ( 'NONE', #47, #1112, #509, .T. ) ;
#132 = CARTESIAN_POINT ( 'NONE',  ( 4.599598563104346560, -3.250000000000000000, 0.000000000000000000 ) ) ;
#133 = ORIENTED_EDGE ( 'NONE', *, *, #1157, .T. ) ;
#134 = CARTESIAN_POINT ( 'NONE',  ( 2.558583481077426391, -0.7500000000000001110, 0.000000000000000000 ) ) ;
#135 = AXIS2_PLACEMENT_3D ( 'NONE', #999, #1363, #794 ) ;
#136 = VERTEX_POINT ( 'NONE', #1192 ) ;
#137 =( NAMED_UNIT ( * ) SI_UNIT ( $, .STERADIAN. ) SOLID_ANGLE_UNIT ( ) );
#138 = DIRECTION ( 'NONE',  ( 0.000000000000000000, 0.000000000000000000, 1.000000000000000000 ) ) ;
#139 = DIRECTION ( 'NONE',  ( 1.000000000000000000, 0.000000000000000000, 0.000000000000000000 ) ) ;
#140 = AXIS2_PLACEMENT_3D ( 'NONE', #1134, #239, #1258 ) ;
#141 = CARTESIAN_POINT ( 'NONE',  ( 4.613000000000000433, -2.750000000000000000, -0.1250000000000000000 ) ) ;
#142 = VERTEX_POINT ( 'NONE', #160 ) ;
#143 = DIRECTION ( 'NONE',  ( -0.000000000000000000, -0.000000000000000000, -1.000000000000000000 ) ) ;
#144 = ORIENTED_EDGE ( 'NONE', *, *, #1396, .F. ) ;
#145 = CARTESIAN_POINT ( 'NONE',  ( 5.099500000000000810, -1.625000000000000000, -0.1250000000000000000 ) ) ;
#146 = DIRECTION ( 'NONE',  ( 0.000000000000000000, 0.000000000000000000, -1.000000000000000000 ) ) ;
#147 = DIRECTION ( 'NONE',  ( 1.000000000000000000, 0.000000000000000000, 0.000000000000000000 ) ) ;
#148 = ORIENTED_EDGE ( 'NONE', *, *, #1474, .F. ) ;
#149 = ORIENTED_EDGE ( 'NONE', *, *, #1288, .F. ) ;
#150 = AXIS2_PLACEMENT_3D ( 'NONE', #1369, #573, #206 ) ;
#151 = ADVANCED_FACE ( 'NONE', ( #614 ), #1285, .F. ) ;
#152 = DIRECTION ( 'NONE',  ( 0.000000000000000000, 0.000000000000000000, -1.000000000000000000 ) ) ;
#153 = CARTESIAN_POINT ( 'NONE',  ( 3.207738371066743532, -0.7500000000000001110, -0.1250000000000000000 ) ) ;
#154 = FACE_BOUND ( 'NONE', #1279, .T. ) ;
#155 = VERTEX_POINT ( 'NONE', #273 ) ;
#156 = VERTEX_POINT ( 'NONE', #1420 ) ;
#157 = EDGE_CURVE ( 'NONE', #1167, #78, #1331, .T. ) ;
#158 = DIRECTION ( 'NONE',  ( 0.000000000000000000, 0.000000000000000000, 1.000000000000000000 ) ) ;
#159 = CARTESIAN_POINT ( 'NONE',  ( 4.282844367586355006, -2.866305345018279827, -0.1250000000000000000 ) ) ;
#160 = CARTESIAN_POINT ( 'NONE',  ( 4.282844367586355006, -2.866305345018279827, 0.000000000000000000 ) ) ;
#161 = VERTEX_POINT ( 'NONE', #731 ) ;
#162 = ORIENTED_EDGE ( 'NONE', *, *, #736, .F. ) ;
#163 = DIRECTION ( 'NONE',  ( 1.000000000000000000, 0.000000000000000000, 0.000000000000000000 ) ) ;
#164 = FACE_OUTER_BOUND ( 'NONE', #828, .T. ) ;
#165 = CARTESIAN_POINT ( 'NONE',  ( 2.910893446831728681, -0.2500000000000000000, 0.000000000000000000 ) ) ;
#166 = VECTOR ( 'NONE', #1374, 39.37007874015748143 ) ;
#167 = FACE_BOUND ( 'NONE', #1366, .T. ) ;
#168 = VERTEX_POINT ( 'NONE', #842 ) ;
#169 = CARTESIAN_POINT ( 'NONE',  ( 4.599598563104346560, -3.500000000000000444, -0.1250000000000000000 ) ) ;
#170 = AXIS2_PLACEMENT_3D ( 'NONE', #1191, #962, #522 ) ;
#171 = CARTESIAN_POINT ( 'NONE',  ( 2.558583481077426391, -0.09999999999999997780, -0.1250000000000000000 ) ) ;
#172 = CARTESIAN_POINT ( 'NONE',  ( 4.450000000000000178, -2.156250000000000000, -0.1250000000000000000 ) ) ;
#173 = ORIENTED_EDGE ( 'NONE', *, *, #232, .F. ) ;
#174 = DIRECTION ( 'NONE',  ( 1.000000000000000000, 0.000000000000000000, 0.000000000000000000 ) ) ;
#175 = AXIS2_PLACEMENT_3D ( 'NONE', #1183, #152, #163 ) ;
#176 = CARTESIAN_POINT ( 'NONE',  ( 4.700000000000000178, -2.250000000000000000, -0.1250000000000000000 ) ) ;
#177 = DIRECTION ( 'NONE',  ( 0.000000000000000000, 0.000000000000000000, 1.000000000000000000 ) ) ;
#178 = CARTESIAN_POINT ( 'NONE',  ( 2.658583481077426480, 0.000000000000000000, -0.1250000000000000000 ) ) ;
#179 = AXIS2_PLACEMENT_3D ( 'NONE', #1140, #797, #678 ) ;
#180 = ORIENTED_EDGE ( 'NONE', *, *, #232, .T. ) ;
#181 = FACE_OUTER_BOUND ( 'NONE', #745, .T. ) ;
#182 = CIRCLE ( 'NONE', #710, 0.1005000000000002003 ) ;
#183 = DIRECTION ( 'NONE',  ( 0.000000000000000000, 0.000000000000000000, -1.000000000000000000 ) ) ;
#184 = DIRECTION ( 'NONE',  ( -0.000000000000000000, -0.000000000000000000, 1.000000000000000000 ) ) ;
#185 = ADVANCED_FACE ( 'NONE', ( #51 ), #377, .F. ) ;
#186 = AXIS2_PLACEMENT_3D ( 'NONE', #474, #928, #1271 ) ;
#187 = EDGE_LOOP ( 'NONE', ( #31, #26, #90, #1469 ) ) ;
#188 = CARTESIAN_POINT ( 'NONE',  ( 5.870496815417497238, -2.825569267665882123, -0.1250000000000000000 ) ) ;
#189 = EDGE_CURVE ( 'NONE', #903, #1410, #641, .T. ) ;
#190 = EDGE_CURVE ( 'NONE', #1308, #979, #410, .T. ) ;
#191 = DIRECTION ( 'NONE',  ( 1.000000000000000000, 0.000000000000000000, 0.000000000000000000 ) ) ;
#192 = VECTOR ( 'NONE', #969, 39.37007874015748854 ) ;
#193 = DIRECTION ( 'NONE',  ( 1.000000000000000000, 0.000000000000000000, 0.000000000000000000 ) ) ;
#194 = ORIENTED_EDGE ( 'NONE', *, *, #1200, .F. ) ;
#195 = AXIS2_PLACEMENT_3D ( 'NONE', #849, #1291, #276 ) ;
#196 = LINE ( 'NONE', #518, #111 ) ;
#197 = ORIENTED_EDGE ( 'NONE', *, *, #350, .F. ) ;
#198 = CARTESIAN_POINT ( 'NONE',  ( 5.887500000000000178, -2.750000000000000000, -0.1250000000000000000 ) ) ;
#199 = VECTOR ( 'NONE', #30, 39.37007874015748143 ) ;
#200 = ORIENTED_EDGE ( 'NONE', *, *, #189, .T. ) ;
#201 = ORIENTED_EDGE ( 'NONE', *, *, #53, .T. ) ;
#202 = DIRECTION ( 'NONE',  ( 1.000000000000000000, 0.000000000000000000, 0.000000000000000000 ) ) ;
#203 = ORIENTED_EDGE ( 'NONE', *, *, #338, .T. ) ;
#204 = CIRCLE ( 'NONE', #140, 0.1004999999999996452 ) ;
#205 = CARTESIAN_POINT ( 'NONE',  ( 5.099500000000000810, -2.375000000000000000, -0.1250000000000000000 ) ) ;
#206 = DIRECTION ( 'NONE',  ( 1.000000000000000000, 0.000000000000000000, 0.000000000000000000 ) ) ;
#207 = ADVANCED_FACE ( 'NONE', ( #620 ), #407, .T. ) ;
#208 = VERTEX_POINT ( 'NONE', #1172 ) ;
#209 = ORIENTED_EDGE ( 'NONE', *, *, #519, .T. ) ;
#210 = CIRCLE ( 'NONE', #45, 0.1000000000000000194 ) ;
#211 = DIRECTION ( 'NONE',  ( 0.000000000000000000, 0.000000000000000000, 1.000000000000000000 ) ) ;
#212 = ORIENTED_EDGE ( 'NONE', *, *, #1296, .T. ) ;
#213 = PRODUCT_CONTEXT ( 'NONE', #278, 'mechanical' ) ;
#214 = DIRECTION ( 'NONE',  ( 1.000000000000000000, 0.000000000000000000, 0.000000000000000000 ) ) ;
#215 = ADVANCED_FACE ( 'NONE', ( #282, #167, #1089, #69, #853, #949, #725, #1075, #154, #1314 ), #1294, .T. ) ;
#216 = CIRCLE ( 'NONE', #527, 0.1005000000000007415 ) ;
#217 = VERTEX_POINT ( 'NONE', #178 ) ;
#218 = ORIENTED_EDGE ( 'NONE', *, *, #552, .F. ) ;
#219 = CARTESIAN_POINT ( 'NONE',  ( 5.870496815417497238, -2.825569267665882123, 0.000000000000000000 ) ) ;
#220 = EDGE_LOOP ( 'NONE', ( #149, #437, #424, #194 ) ) ;
#221 = FACE_BOUND ( 'NONE', #261, .T. ) ;
#222 = CARTESIAN_POINT ( 'NONE',  ( 4.341147020198937057, -2.661185706022047182, -0.1250000000000000000 ) ) ;
#223 = DIRECTION ( 'NONE',  ( 0.000000000000000000, 0.000000000000000000, 1.000000000000000000 ) ) ;
#224 = CARTESIAN_POINT ( 'NONE',  ( 5.450000000000000178, -0.2500000000000000000, 0.000000000000000000 ) ) ;
#225 = ORIENTED_EDGE ( 'NONE', *, *, #413, .F. ) ;
#226 = CARTESIAN_POINT ( 'NONE',  ( 5.761643835616441223, -2.320633561643834941, 0.000000000000000000 ) ) ;
#227 = ORIENTED_EDGE ( 'NONE', *, *, #572, .T. ) ;
#228 = ADVANCED_FACE ( 'NONE', ( #1059 ), #1179, .F. ) ;
#229 = LINE ( 'NONE', #1240, #166 ) ;
#230 = DIRECTION ( 'NONE',  ( 1.000000000000000000, -3.278217592397118229E-15, 0.000000000000000000 ) ) ;
#231 = LINE ( 'NONE', #564, #965 ) ;
#232 = EDGE_CURVE ( 'NONE', #1280, #1373, #1425, .T. ) ;
#233 = CARTESIAN_POINT ( 'NONE',  ( 5.761643835616441223, -2.320633561643834941, 0.000000000000000000 ) ) ;
#234 = EDGE_LOOP ( 'NONE', ( #113, #883, #684, #396 ) ) ;
#235 = DIRECTION ( 'NONE',  ( 1.000000000000000000, 0.000000000000000000, 0.000000000000000000 ) ) ;
#236 = EDGE_LOOP ( 'NONE', ( #371, #201 ) ) ;
#237 = DIRECTION ( 'NONE',  ( 0.000000000000000000, 0.000000000000000000, 1.000000000000000000 ) ) ;
#238 = EDGE_CURVE ( 'NONE', #27, #1201, #665, .T. ) ;
#239 = DIRECTION ( 'NONE',  ( 0.000000000000000000, 0.000000000000000000, 1.000000000000000000 ) ) ;
#240 = AXIS2_PLACEMENT_3D ( 'NONE', #1104, #770, #1098 ) ;
#241 = DIRECTION ( 'NONE',  ( 1.000000000000000000, 0.000000000000000000, 0.000000000000000000 ) ) ;
#242 = CARTESIAN_POINT ( 'NONE',  ( 3.207738371066743532, -0.7500000000000001110, 0.000000000000000000 ) ) ;
#243 = ORIENTED_EDGE ( 'NONE', *, *, #121, .F. ) ;
#244 = LINE ( 'NONE', #3, #705 ) ;
#245 = ORIENTED_EDGE ( 'NONE', *, *, #1221, .F. ) ;
#246 =( CONVERSION_BASED_UNIT ( 'INCH', #1025 ) LENGTH_UNIT ( ) NAMED_UNIT ( #1454 ) );
#247 = DIRECTION ( 'NONE',  ( 1.000000000000000000, 0.000000000000000000, 0.000000000000000000 ) ) ;
#248 = VECTOR ( 'NONE', #100, 39.37007874015748143 ) ;
#249 = ORIENTED_EDGE ( 'NONE', *, *, #1423, .T. ) ;
#250 = DIRECTION ( 'NONE',  ( 1.000000000000000000, 0.000000000000000000, 0.000000000000000000 ) ) ;
#251 = EDGE_LOOP ( 'NONE', ( #1239, #517 ) ) ;
#252 = CARTESIAN_POINT ( 'NONE',  ( 4.341147020198937057, -2.661185706022047182, -0.1250000000000000000 ) ) ;
#253 = DIRECTION ( 'NONE',  ( -4.856618655403130666E-16, 1.000000000000000000, 0.000000000000000000 ) ) ;
#254 = EDGE_CURVE ( 'NONE', #1174, #875, #1233, .T. ) ;
#255 = CIRCLE ( 'NONE', #1203, 0.1005000000000002003 ) ;
#256 = CIRCLE ( 'NONE', #589, 0.1004999999999996452 ) ;
#257 = CARTESIAN_POINT ( 'NONE',  ( 4.889606553168268199, -0.9905306485810119188, -0.1250000000000000000 ) ) ;
#258 = EDGE_CURVE ( 'NONE', #1055, #496, #691, .T. ) ;
#259 = ORIENTED_EDGE ( 'NONE', *, *, #520, .F. ) ;
#260 = EDGE_CURVE ( 'NONE', #1335, #1352, #28, .T. ) ;
#261 = EDGE_LOOP ( 'NONE', ( #807, #1381 ) ) ;
#262 = CARTESIAN_POINT ( 'NONE',  ( 2.709893446831728170, -0.2500000000000000000, -0.1250000000000000000 ) ) ;
#263 = CARTESIAN_POINT ( 'NONE',  ( 3.310393446831728870, -0.2500000000000000000, 0.000000000000000000 ) ) ;
#264 = AXIS2_PLACEMENT_3D ( 'NONE', #658, #1086, #1110 ) ;
#265 = CIRCLE ( 'NONE', #901, 0.1000000000000000194 ) ;
#266 = ADVANCED_FACE ( 'NONE', ( #1320 ), #899, .F. ) ;
#267 = EDGE_CURVE ( 'NONE', #979, #1308, #784, .T. ) ;
#268 = DIRECTION ( 'NONE',  ( 1.000000000000000000, 0.000000000000000000, 0.000000000000000000 ) ) ;
#269 = ORIENTED_EDGE ( 'NONE', *, *, #482, .F. ) ;
#270 = ORIENTED_EDGE ( 'NONE', *, *, #819, .T. ) ;
#271 = CARTESIAN_POINT ( 'NONE',  ( 4.700000000000000178, -2.250000000000000000, -0.1250000000000000000 ) ) ;
#272 = FACE_OUTER_BOUND ( 'NONE', #994, .T. ) ;
#273 = CARTESIAN_POINT ( 'NONE',  ( 5.300499999999999545, -3.125000000000000000, 0.000000000000000000 ) ) ;
#274 = ORIENTED_EDGE ( 'NONE', *, *, #1176, .T. ) ;
#275 = EDGE_LOOP ( 'NONE', ( #1458, #584, #322, #63 ) ) ;
#276 = DIRECTION ( 'NONE',  ( 1.000000000000000000, 0.000000000000000000, 0.000000000000000000 ) ) ;
#277 = EDGE_CURVE ( 'NONE', #1386, #1129, #216, .T. ) ;
#278 = APPLICATION_CONTEXT ( 'automotive_design' ) ;
#279 = DIRECTION ( 'NONE',  ( 1.000000000000000000, 0.000000000000000000, 0.000000000000000000 ) ) ;
#280 = DIRECTION ( 'NONE',  ( 1.000000000000000000, 0.000000000000000000, 0.000000000000000000 ) ) ;
#281 = CIRCLE ( 'NONE', #515, 0.1004999999999996452 ) ;
#282 = FACE_BOUND ( 'NONE', #538, .T. ) ;
#283 = ORIENTED_EDGE ( 'NONE', *, *, #572, .F. ) ;
#284 = LINE ( 'NONE', #145, #8 ) ;
#285 = FACE_OUTER_BOUND ( 'NONE', #475, .T. ) ;
#286 = AXIS2_PLACEMENT_3D ( 'NONE', #663, #99, #550 ) ;
#287 = CARTESIAN_POINT ( 'NONE',  ( 6.058852979801064187, -2.661185706022047182, -0.1250000000000000000 ) ) ;
#288 = ORIENTED_EDGE ( 'NONE', *, *, #260, .F. ) ;
#289 = FACE_OUTER_BOUND ( 'NONE', #39, .T. ) ;
#290 = AXIS2_PLACEMENT_3D ( 'NONE', #46, #634, #503 ) ;
#291 = CARTESIAN_POINT ( 'NONE',  ( 4.282844367586355006, -2.866305345018279827, -0.1250000000000000000 ) ) ;
#292 = CARTESIAN_POINT ( 'NONE',  ( 6.047060253891811676, -3.290736077352393707, -0.1250000000000000000 ) ) ;
#293 = CARTESIAN_POINT ( 'NONE',  ( 5.200000000000000178, -2.375000000000000000, 0.000000000000000000 ) ) ;
#294 = EDGE_CURVE ( 'NONE', #1352, #295, #110, .T. ) ;
#295 = VERTEX_POINT ( 'NONE', #1207 ) ;
#296 = CYLINDRICAL_SURFACE ( 'NONE', #1154, 0.1005000000000002003 ) ;
#297 = VECTOR ( 'NONE', #984, 39.37007874015748854 ) ;
#298 = CARTESIAN_POINT ( 'NONE',  ( 3.410893446831728681, -0.2500000000000000000, -0.1250000000000000000 ) ) ;
#299 = EDGE_CURVE ( 'NONE', #983, #115, #462, .T. ) ;
#300 = LINE ( 'NONE', #393, #192 ) ;
#301 = CARTESIAN_POINT ( 'NONE',  ( 3.410893446831728681, -0.2500000000000000000, -0.1250000000000000000 ) ) ;
#302 = ORIENTED_EDGE ( 'NONE', *, *, #1237, .F. ) ;
#303 = CARTESIAN_POINT ( 'NONE',  ( 4.700000000000000178, -2.156250000000000000, 0.000000000000000000 ) ) ;
#304 = CYLINDRICAL_SURFACE ( 'NONE', #900, 0.1005000000000012966 ) ;
#305 = DIRECTION ( 'NONE',  ( 1.000000000000000000, 0.000000000000000000, 0.000000000000000000 ) ) ;
#306 = VECTOR ( 'NONE', #1195, 39.37007874015748143 ) ;
#307 = AXIS2_PLACEMENT_3D ( 'NONE', #1052, #1370, #565 ) ;
#308 = EDGE_LOOP ( 'NONE', ( #1272, #1334, #855, #352 ) ) ;
#309 = ORIENTED_EDGE ( 'NONE', *, *, #105, .T. ) ;
#310 = CARTESIAN_POINT ( 'NONE',  ( 5.450000000000000178, -0.2500000000000000000, -0.1250000000000000000 ) ) ;
#311 = ORIENTED_EDGE ( 'NONE', *, *, #604, .F. ) ;
#312 = CARTESIAN_POINT ( 'NONE',  ( 5.200000000000000178, -3.125000000000000000, -0.1250000000000000000 ) ) ;
#313 = AXIS2_PLACEMENT_3D ( 'NONE', #373, #724, #139 ) ;
#314 = ORIENTED_EDGE ( 'NONE', *, *, #1472, .F. ) ;
#315 = ORIENTED_EDGE ( 'NONE', *, *, #1418, .F. ) ;
#316 = CIRCLE ( 'NONE', #1268, 0.2499999999999998057 ) ;
#317 = DIRECTION ( 'NONE',  ( 0.000000000000000000, 0.000000000000000000, 1.000000000000000000 ) ) ;
#318 = VERTEX_POINT ( 'NONE', #1477 ) ;
#319 = CARTESIAN_POINT ( 'NONE',  ( 5.310393446831728426, -0.2500000000000000000, 0.000000000000000000 ) ) ;
#320 = EDGE_CURVE ( 'NONE', #433, #543, #1347, .T. ) ;
#321 = CIRCLE ( 'NONE', #135, 0.8499999999999999778 ) ;
#322 = ORIENTED_EDGE ( 'NONE', *, *, #609, .F. ) ;
#323 = VECTOR ( 'NONE', #458, 39.37007874015748143 ) ;
#324 = LINE ( 'NONE', #773, #891 ) ;
#325 = ORIENTED_EDGE ( 'NONE', *, *, #1276, .F. ) ;
#326 = DIRECTION ( 'NONE',  ( 0.000000000000000000, -0.000000000000000000, -1.000000000000000000 ) ) ;
#327 = EDGE_CURVE ( 'NONE', #343, #951, #1354, .T. ) ;
#328 = CARTESIAN_POINT ( 'NONE',  ( 4.789106553168267943, -0.9905306485810119188, 0.000000000000000000 ) ) ;
#329 = APPLICATION_CONTEXT ( 'automotive_design' ) ;
#330 = VERTEX_POINT ( 'NONE', #328 ) ;
#331 = VECTOR ( 'NONE', #460, 39.37007874015748143 ) ;
#332 = FACE_OUTER_BOUND ( 'NONE', #1297, .T. ) ;
#333 = ORIENTED_EDGE ( 'NONE', *, *, #482, .T. ) ;
#334 = CARTESIAN_POINT ( 'NONE',  ( 6.136363636363642016, -2.750000000000000000, -0.1250000000000000000 ) ) ;
#335 = LINE ( 'NONE', #783, #764 ) ;
#336 = CARTESIAN_POINT ( 'NONE',  ( 6.012500000000000178, -3.500000000000000444, 0.000000000000000000 ) ) ;
#337 = AXIS2_PLACEMENT_3D ( 'NONE', #902, #37, #493 ) ;
#338 = EDGE_CURVE ( 'NONE', #1402, #914, #702, .T. ) ;
#339 = ORIENTED_EDGE ( 'NONE', *, *, #1181, .F. ) ;
#340 = EDGE_LOOP ( 'NONE', ( #1415, #333, #1047, #660 ) ) ;
#341 = ADVANCED_FACE ( 'NONE', ( #92 ), #1126, .F. ) ;
#342 = DIRECTION ( 'NONE',  ( 0.000000000000000000, 0.000000000000000000, 1.000000000000000000 ) ) ;
#343 = VERTEX_POINT ( 'NONE', #1466 ) ;
#344 = CARTESIAN_POINT ( 'NONE',  ( 6.136363636363642016, -2.750000000000000000, 0.000000000000000000 ) ) ;
#345 = CARTESIAN_POINT ( 'NONE',  ( 4.889606553168268199, -0.9905306485810119188, 0.000000000000000000 ) ) ;
#346 = DIRECTION ( 'NONE',  ( 0.000000000000000000, 0.000000000000000000, 1.000000000000000000 ) ) ;
#347 = EDGE_CURVE ( 'NONE', #1280, #1410, #231, .T. ) ;
#348 = CARTESIAN_POINT ( 'NONE',  ( 3.207738371066743532, -0.6500000000000000222, 0.000000000000000000 ) ) ;
#349 = ORIENTED_EDGE ( 'NONE', *, *, #1288, .T. ) ;
#350 = EDGE_CURVE ( 'NONE', #446, #593, #321, .T. ) ;
#351 = DIRECTION ( 'NONE',  ( 0.000000000000000000, 0.000000000000000000, 1.000000000000000000 ) ) ;
#352 = ORIENTED_EDGE ( 'NONE', *, *, #1209, .F. ) ;
#353 = CARTESIAN_POINT ( 'NONE',  ( 5.200000000000000178, -1.625000000000000000, -0.1250000000000000000 ) ) ;
#354 = CARTESIAN_POINT ( 'NONE',  ( 5.800401436895653795, -3.500000000000000444, -0.1250000000000000000 ) ) ;
#355 = CARTESIAN_POINT ( 'NONE',  ( 5.099500000000000810, -3.125000000000000000, -0.1250000000000000000 ) ) ;
#356 = DIRECTION ( 'NONE',  ( 1.000000000000000000, 0.000000000000000000, 0.000000000000000000 ) ) ;
#357 = ORIENTED_EDGE ( 'NONE', *, *, #1054, .F. ) ;
#358 = FACE_OUTER_BOUND ( 'NONE', #220, .T. ) ;
#359 = ORIENTED_EDGE ( 'NONE', *, *, #1243, .T. ) ;
#360 = CARTESIAN_POINT ( 'NONE',  ( 2.810393446831728426, -0.2500000000000000000, 0.000000000000000000 ) ) ;
#361 = DIRECTION ( 'NONE',  ( 1.000000000000000000, 0.000000000000000000, 0.000000000000000000 ) ) ;
#362 = ORIENTED_EDGE ( 'NONE', *, *, #294, .F. ) ;
#363 = DIRECTION ( 'NONE',  ( 0.000000000000000000, 0.000000000000000000, 1.000000000000000000 ) ) ;
#364 = ADVANCED_FACE ( 'NONE', ( #129 ), #908, .T. ) ;
#365 = ORIENTED_EDGE ( 'NONE', *, *, #1276, .T. ) ;
#366 = DIRECTION ( 'NONE',  ( 0.000000000000000000, 0.000000000000000000, 1.000000000000000000 ) ) ;
#367 = DIRECTION ( 'NONE',  ( 1.000000000000000000, 0.000000000000000000, 0.000000000000000000 ) ) ;
#368 = EDGE_CURVE ( 'NONE', #156, #1173, #582, .T. ) ;
#369 = AXIS2_PLACEMENT_3D ( 'NONE', #484, #1395, #733 ) ;
#370 = ORIENTED_EDGE ( 'NONE', *, *, #1398, .T. ) ;
#371 = ORIENTED_EDGE ( 'NONE', *, *, #413, .T. ) ;
#372 = DIRECTION ( 'NONE',  ( 1.000000000000000000, 0.000000000000000000, 0.000000000000000000 ) ) ;
#373 = CARTESIAN_POINT ( 'NONE',  ( 5.887500000000000178, -2.750000000000000000, -0.1250000000000000000 ) ) ;
#374 = EDGE_CURVE ( 'NONE', #1373, #903, #554, .T. ) ;
#375 = VECTOR ( 'NONE', #548, 39.37007874015748143 ) ;
#376 = ADVANCED_FACE ( 'NONE', ( #1117 ), #1427, .F. ) ;
#377 = CYLINDRICAL_SURFACE ( 'NONE', #1019, 0.1005000000000002003 ) ;
#378 = ORIENTED_EDGE ( 'NONE', *, *, #670, .T. ) ;
#379 = PRESENTATION_LAYER_ASSIGNMENT (  '', '', ( #1161 ) ) ;
#380 = ORIENTED_EDGE ( 'NONE', *, *, #606, .T. ) ;
#381 = DIRECTION ( 'NONE',  ( 0.000000000000000000, 0.000000000000000000, 1.000000000000000000 ) ) ;
#382 = CARTESIAN_POINT ( 'NONE',  ( 4.700000000000000178, -2.250000000000000000, -0.1250000000000000000 ) ) ;
#383 = VECTOR ( 'NONE', #1459, 39.37007874015748143 ) ;
#384 = UNCERTAINTY_MEASURE_WITH_UNIT (LENGTH_MEASURE( 1.000000000000000082E-05 ), #1278, 'distance_accuracy_value', 'NONE');
#385 = CIRCLE ( 'NONE', #1286, 0.1004999999999996452 ) ;
#386 = DIRECTION ( 'NONE',  ( 0.000000000000000000, 0.000000000000000000, -1.000000000000000000 ) ) ;
#387 = EDGE_LOOP ( 'NONE', ( #789, #935, #905, #762 ) ) ;
#388 = ADVANCED_FACE ( 'NONE', ( #1163 ), #1170, .T. ) ;
#389 = ORIENTED_EDGE ( 'NONE', *, *, #374, .F. ) ;
#390 = DIRECTION ( 'NONE',  ( 0.000000000000000000, 0.000000000000000000, 1.000000000000000000 ) ) ;
#391 = DIRECTION ( 'NONE',  ( 1.000000000000000000, 0.000000000000000000, 0.000000000000000000 ) ) ;
#392 = AXIS2_PLACEMENT_3D ( 'NONE', #1057, #723, #1175 ) ;
#393 = CARTESIAN_POINT ( 'NONE',  ( 4.387500000000000178, -3.500000000000000444, 0.000000000000000000 ) ) ;
#394 = CARTESIAN_POINT ( 'NONE',  ( 5.949999999999999289, -2.156250000000000000, -0.1250000000000000000 ) ) ;
#395 = EDGE_CURVE ( 'NONE', #966, #94, #700, .T. ) ;
#396 = ORIENTED_EDGE ( 'NONE', *, *, #368, .T. ) ;
#397 = LINE ( 'NONE', #252, #130 ) ;
#398 = AXIS2_PLACEMENT_3D ( 'NONE', #1377, #1184, #253 ) ;
#399 = CARTESIAN_POINT ( 'NONE',  ( 5.870496815417497238, -2.825569267665882123, -0.1250000000000000000 ) ) ;
#400 = VECTOR ( 'NONE', #530, 39.37007874015748143 ) ;
#401 = DIRECTION ( 'NONE',  ( -1.000000000000000000, 0.000000000000000000, 0.000000000000000000 ) ) ;
#402 = ORIENTED_EDGE ( 'NONE', *, *, #606, .F. ) ;
#403 = DIRECTION ( 'NONE',  ( 1.000000000000000000, 0.000000000000000000, 0.000000000000000000 ) ) ;
#404 = CARTESIAN_POINT ( 'NONE',  ( 4.990106553168268455, -0.9905306485810119188, -0.1250000000000000000 ) ) ;
#405 = AXIS2_PLACEMENT_3D ( 'NONE', #1451, #1013, #5 ) ;
#406 = CYLINDRICAL_SURFACE ( 'NONE', #574, 0.2499999999999998057 ) ;
#407 = CYLINDRICAL_SURFACE ( 'NONE', #932, 0.1000000000000000194 ) ;
#408 = VERTEX_POINT ( 'NONE', #159 ) ;
#409 = CYLINDRICAL_SURFACE ( 'NONE', #1121, 0.8499999999999999778 ) ;
#410 = CIRCLE ( 'NONE', #738, 0.1004999999999996452 ) ;
#411 = DIRECTION ( 'NONE',  ( 1.000000000000000000, 0.000000000000000000, 0.000000000000000000 ) ) ;
#412 = FACE_OUTER_BOUND ( 'NONE', #340, .T. ) ;
#413 = EDGE_CURVE ( 'NONE', #168, #988, #1300, .T. ) ;
#414 = DIRECTION ( 'NONE',  ( -0.000000000000000000, 1.000000000000000000, -0.000000000000000000 ) ) ;
#415 = ORIENTED_EDGE ( 'NONE', *, *, #1293, .F. ) ;
#416 = CARTESIAN_POINT ( 'NONE',  ( 3.850000000000000089, -1.350000000000000089, -0.1250000000000000000 ) ) ;
#417 = CARTESIAN_POINT ( 'NONE',  ( 2.810393446831728426, -0.2500000000000000000, -0.1250000000000000000 ) ) ;
#418 = DIRECTION ( 'NONE',  ( 1.000000000000000000, 0.000000000000000000, 0.000000000000000000 ) ) ;
#419 = ORIENTED_EDGE ( 'NONE', *, *, #645, .F. ) ;
#420 = DIRECTION ( 'NONE',  ( 0.000000000000000000, 0.000000000000000000, 1.000000000000000000 ) ) ;
#421 = VERTEX_POINT ( 'NONE', #1036 ) ;
#422 = CARTESIAN_POINT ( 'NONE',  ( 4.450000000000000178, -2.156250000000000000, 0.000000000000000000 ) ) ;
#423 = AXIS2_PLACEMENT_3D ( 'NONE', #1361, #1257, #441 ) ;
#424 = ORIENTED_EDGE ( 'NONE', *, *, #652, .T. ) ;
#425 = EDGE_LOOP ( 'NONE', ( #881, #1168 ) ) ;
#426 = CARTESIAN_POINT ( 'NONE',  ( 2.558583481077426391, -0.6499999999999998002, 0.000000000000000000 ) ) ;
#427 = ORIENTED_EDGE ( 'NONE', *, *, #97, .F. ) ;
#428 = DIRECTION ( 'NONE',  ( 0.000000000000000000, -1.000000000000000000, 0.000000000000000000 ) ) ;
#429 = AXIS2_PLACEMENT_3D ( 'NONE', #1419, #757, #193 ) ;
#430 = ORIENTED_EDGE ( 'NONE', *, *, #1018, .T. ) ;
#431 = ORIENTED_EDGE ( 'NONE', *, *, #889, .T. ) ;
#432 = CYLINDRICAL_SURFACE ( 'NONE', #1085, 0.2499999999999998057 ) ;
#433 = VERTEX_POINT ( 'NONE', #17 ) ;
#434 = CIRCLE ( 'NONE', #627, 0.1004999999999996452 ) ;
#435 = DIRECTION ( 'NONE',  ( 1.000000000000000000, 0.000000000000000000, 0.000000000000000000 ) ) ;
#436 = VECTOR ( 'NONE', #101, 39.37007874015748143 ) ;
#437 = ORIENTED_EDGE ( 'NONE', *, *, #258, .T. ) ;
#438 = VECTOR ( 'NONE', #753, 39.37007874015748143 ) ;
#439 = CARTESIAN_POINT ( 'NONE',  ( 2.658583481077426480, -0.6500000000000000222, -0.1250000000000000000 ) ) ;
#440 = ORIENTED_EDGE ( 'NONE', *, *, #190, .F. ) ;
#441 = DIRECTION ( 'NONE',  ( 1.000000000000000000, 0.000000000000000000, 0.000000000000000000 ) ) ;
#442 = CARTESIAN_POINT ( 'NONE',  ( 5.200000000000000178, -2.375000000000000000, -0.1250000000000000000 ) ) ;
#443 = CARTESIAN_POINT ( 'NONE',  ( 3.310393446831728870, -0.2500000000000000000, -0.1250000000000000000 ) ) ;
#444 = EDGE_CURVE ( 'NONE', #494, #295, #887, .T. ) ;
#445 = ORIENTED_EDGE ( 'NONE', *, *, #897, .F. ) ;
#446 = VERTEX_POINT ( 'NONE', #1063 ) ;
#447 = CIRCLE ( 'NONE', #756, 0.1004999999999996452 ) ;
#448 = DIRECTION ( 'NONE',  ( 0.000000000000000000, 0.000000000000000000, 1.000000000000000000 ) ) ;
#449 = ADVANCED_FACE ( 'NONE', ( #709 ), #470, .T. ) ;
#450 = ORIENTED_EDGE ( 'NONE', *, *, #93, .T. ) ;
#451 = CYLINDRICAL_SURFACE ( 'NONE', #880, 0.2499999999999998057 ) ;
#452 = DIRECTION ( 'NONE',  ( 0.000000000000000000, 0.000000000000000000, 1.000000000000000000 ) ) ;
#453 = ADVANCED_FACE ( 'NONE', ( #164 ), #1050, .F. ) ;
#454 = EDGE_CURVE ( 'NONE', #1174, #779, #1223, .T. ) ;
#455 =( LENGTH_UNIT ( ) NAMED_UNIT ( * ) SI_UNIT ( $, .METRE. ) );
#456 = ORIENTED_EDGE ( 'NONE', *, *, #1056, .T. ) ;
#457 = PRODUCT ( 'Hook V2 REBUILT', 'Hook V2 REBUILT', '', ( #213 ) ) ;
#458 = DIRECTION ( 'NONE',  ( 0.1629443094095775202, 0.9866352679845962204, 0.000000000000000000 ) ) ;
#459 = ORIENTED_EDGE ( 'NONE', *, *, #42, .F. ) ;
#460 = DIRECTION ( 'NONE',  ( -0.6575342465753425403, 0.7534246575342464780, 0.000000000000000000 ) ) ;
#461 = PLANE ( 'NONE',  #1078 ) ;
#462 = LINE ( 'NONE', #1111, #1236 ) ;
#463 = AXIS2_PLACEMENT_3D ( 'NONE', #938, #146, #391 ) ;
#464 = EDGE_LOOP ( 'NONE', ( #1227, #483, #1357, #54 ) ) ;
#465 = LINE ( 'NONE', #921, #499 ) ;
#466 = ORIENTED_EDGE ( 'NONE', *, *, #867, .F. ) ;
#467 = FACE_BOUND ( 'NONE', #1289, .T. ) ;
#468 = FACE_OUTER_BOUND ( 'NONE', #481, .T. ) ;
#469 = CIRCLE ( 'NONE', #1304, 0.2499999999999998057 ) ;
#470 = CYLINDRICAL_SURFACE ( 'NONE', #650, 0.1000000000000000194 ) ;
#471 = ADVANCED_FACE ( 'NONE', ( #1283 ), #925, .T. ) ;
#472 = CARTESIAN_POINT ( 'NONE',  ( 4.352939746108196672, -3.290736077352393707, -0.1250000000000000000 ) ) ;
#473 = EDGE_LOOP ( 'NONE', ( #1119, #440 ) ) ;
#474 = CARTESIAN_POINT ( 'NONE',  ( 5.200000000000000178, -3.125000000000000000, -0.1250000000000000000 ) ) ;
#475 = EDGE_LOOP ( 'NONE', ( #1106, #1160, #243, #987 ) ) ;
#476 = ADVANCED_FACE ( 'NONE', ( #498 ), #485, .T. ) ;
#477 = CARTESIAN_POINT ( 'NONE',  ( 5.450000000000000178, -0.2500000000000000000, -0.1250000000000000000 ) ) ;
#478 = CARTESIAN_POINT ( 'NONE',  ( 4.599598563104346560, -3.250000000000000000, -0.1250000000000000000 ) ) ;
#479 = VECTOR ( 'NONE', #223, 39.37007874015748143 ) ;
#480 = SURFACE_STYLE_FILL_AREA ( #711 ) ;
#481 = EDGE_LOOP ( 'NONE', ( #1440, #1261, #578, #402 ) ) ;
#482 = EDGE_CURVE ( 'NONE', #1402, #655, #946, .T. ) ;
#483 = ORIENTED_EDGE ( 'NONE', *, *, #604, .T. ) ;
#484 = CARTESIAN_POINT ( 'NONE',  ( 5.200000000000000178, -1.625000000000000000, -0.1250000000000000000 ) ) ;
#485 = PLANE ( 'NONE',  #49 ) ;
#486 = AXIS2_PLACEMENT_3D ( 'NONE', #1435, #740, #989 ) ;
#487 = ORIENTED_EDGE ( 'NONE', *, *, #609, .T. ) ;
#488 = ORIENTED_EDGE ( 'NONE', *, *, #1125, .F. ) ;
#489 = CARTESIAN_POINT ( 'NONE',  ( 5.800401436895653795, -3.500000000000000444, 0.000000000000000000 ) ) ;
#490 = DIRECTION ( 'NONE',  ( 0.000000000000000000, 0.000000000000000000, 1.000000000000000000 ) ) ;
#491 = EDGE_CURVE ( 'NONE', #951, #421, #760, .T. ) ;
#492 = ADVANCED_FACE ( 'NONE', ( #272 ), #1152, .F. ) ;
#493 = DIRECTION ( 'NONE',  ( 1.000000000000000000, 0.000000000000000000, 0.000000000000000000 ) ) ;
#494 = VERTEX_POINT ( 'NONE', #824 ) ;
#495 = CIRCLE ( 'NONE', #750, 0.2499999999999998057 ) ;
#496 = VERTEX_POINT ( 'NONE', #955 ) ;
#497 = LINE ( 'NONE', #271, #1029 ) ;
#498 = FACE_OUTER_BOUND ( 'NONE', #1447, .T. ) ;
#499 = VECTOR ( 'NONE', #1372, 39.37007874015748143 ) ;
#500 = VECTOR ( 'NONE', #386, 39.37007874015748143 ) ;
#501 = FACE_OUTER_BOUND ( 'NONE', #1210, .T. ) ;
#502 = EDGE_CURVE ( 'NONE', #156, #318, #840, .T. ) ;
#503 = DIRECTION ( 'NONE',  ( 1.000000000000000000, 0.000000000000000000, 0.000000000000000000 ) ) ;
#504 = CIRCLE ( 'NONE', #429, 0.1005000000000002003 ) ;
#505 = VERTEX_POINT ( 'NONE', #24 ) ;
#506 = CARTESIAN_POINT ( 'NONE',  ( 2.709893446831728170, -0.2500000000000000000, -0.1250000000000000000 ) ) ;
#507 = AXIS2_PLACEMENT_3D ( 'NONE', #699, #1265, #247 ) ;
#508 = CYLINDRICAL_SURFACE ( 'NONE', #1446, 0.1004999999999996452 ) ;
#509 = LINE ( 'NONE', #60, #1213 ) ;
#510 = AXIS2_PLACEMENT_3D ( 'NONE', #954, #1062, #616 ) ;
#511 = ORIENTED_EDGE ( 'NONE', *, *, #671, .F. ) ;
#512 = CARTESIAN_POINT ( 'NONE',  ( 0.000000000000000000, 0.000000000000000000, -0.1250000000000000000 ) ) ;
#513 = AXIS2_PLACEMENT_3D ( 'NONE', #310, #856, #202 ) ;
#514 = CYLINDRICAL_SURFACE ( 'NONE', #1024, 0.2499999999999998057 ) ;
#515 = AXIS2_PLACEMENT_3D ( 'NONE', #898, #673, #117 ) ;
#516 = DIRECTION ( 'NONE',  ( 1.000000000000000000, 0.000000000000000000, 0.000000000000000000 ) ) ;
#517 = ORIENTED_EDGE ( 'NONE', *, *, #260, .T. ) ;
#518 = CARTESIAN_POINT ( 'NONE',  ( 6.136363636363642016, -2.750000000000000000, -0.1250000000000000000 ) ) ;
#519 = EDGE_CURVE ( 'NONE', #918, #20, #621, .T. ) ;
#520 = EDGE_CURVE ( 'NONE', #595, #610, #1079, .T. ) ;
#521 = DIRECTION ( 'NONE',  ( 1.000000000000000000, 0.000000000000000000, 0.000000000000000000 ) ) ;
#522 = DIRECTION ( 'NONE',  ( 1.000000000000000000, 0.000000000000000000, 0.000000000000000000 ) ) ;
#523 = DIRECTION ( 'NONE',  ( -0.000000000000000000, -0.000000000000000000, 1.000000000000000000 ) ) ;
#524 = ORIENTED_EDGE ( 'NONE', *, *, #105, .F. ) ;
#525 = CARTESIAN_POINT ( 'NONE',  ( 5.700000000000000178, 0.000000000000000000, -0.1250000000000000000 ) ) ;
#526 = ADVANCED_FACE ( 'NONE', ( #1426 ), #514, .T. ) ;
#527 = AXIS2_PLACEMENT_3D ( 'NONE', #659, #452, #435 ) ;
#528 = ADVANCED_FACE ( 'NONE', ( #501 ), #508, .F. ) ;
#529 = LINE ( 'NONE', #291, #1136 ) ;
#530 = DIRECTION ( 'NONE',  ( -0.000000000000000000, -0.000000000000000000, -1.000000000000000000 ) ) ;
#531 = ORIENTED_EDGE ( 'NONE', *, *, #1398, .F. ) ;
#532 = DIRECTION ( 'NONE',  ( 1.000000000000000000, 0.000000000000000000, 0.000000000000000000 ) ) ;
#533 = DIRECTION ( 'NONE',  ( 0.000000000000000000, 0.000000000000000000, 1.000000000000000000 ) ) ;
#534 = EDGE_CURVE ( 'NONE', #330, #971, #504, .T. ) ;
#535 = ORIENTED_EDGE ( 'NONE', *, *, #1054, .T. ) ;
#536 = ORIENTED_EDGE ( 'NONE', *, *, #1022, .T. ) ;
#537 = CARTESIAN_POINT ( 'NONE',  ( 4.387500000000000178, -3.500000000000000444, -0.1250000000000000000 ) ) ;
#538 = EDGE_LOOP ( 'NONE', ( #722, #144 ) ) ;
#539 = FACE_OUTER_BOUND ( 'NONE', #1008, .T. ) ;
#540 = ORIENTED_EDGE ( 'NONE', *, *, #1200, .T. ) ;
#541 = ORIENTED_EDGE ( 'NONE', *, *, #1318, .T. ) ;
#542 = LINE ( 'NONE', #525, #1455 ) ;
#543 = VERTEX_POINT ( 'NONE', #171 ) ;
#544 = DIRECTION ( 'NONE',  ( 0.000000000000000000, 0.000000000000000000, 1.000000000000000000 ) ) ;
#545 = DIRECTION ( 'NONE',  ( 0.000000000000000000, 0.000000000000000000, 1.000000000000000000 ) ) ;
#546 = EDGE_LOOP ( 'NONE', ( #1303, #4, #380, #721 ) ) ;
#547 = ORIENTED_EDGE ( 'NONE', *, *, #1056, .F. ) ;
#548 = DIRECTION ( 'NONE',  ( 0.000000000000000000, 0.000000000000000000, 1.000000000000000000 ) ) ;
#549 = EDGE_LOOP ( 'NONE', ( #415, #636, #766, #1356 ) ) ;
#550 = DIRECTION ( 'NONE',  ( 1.000000000000000000, 0.000000000000000000, 0.000000000000000000 ) ) ;
#551 = DIRECTION ( 'NONE',  ( 0.000000000000000000, 0.000000000000000000, -1.000000000000000000 ) ) ;
#552 = EDGE_CURVE ( 'NONE', #966, #87, #68, .T. ) ;
#553 = AXIS2_PLACEMENT_3D ( 'NONE', #823, #390, #1190 ) ;
#554 = LINE ( 'NONE', #1135, #436 ) ;
#555 = ADVANCED_FACE ( 'NONE', ( #412 ), #846, .F. ) ;
#556 = ORIENTED_EDGE ( 'NONE', *, *, #941, .T. ) ;
#557 = EDGE_LOOP ( 'NONE', ( #524, #445 ) ) ;
#558 = CYLINDRICAL_SURFACE ( 'NONE', #1212, 0.1005000000000007415 ) ;
#559 = VERTEX_POINT ( 'NONE', #1095 ) ;
#560 = CARTESIAN_POINT ( 'NONE',  ( 5.200000000000000178, -3.125000000000000000, -0.1250000000000000000 ) ) ;
#561 = CARTESIAN_POINT ( 'NONE',  ( 4.411999999999999922, -2.750000000000000000, 0.000000000000000000 ) ) ;
#562 = CIRCLE ( 'NONE', #948, 0.1000000000000000194 ) ;
#563 = EDGE_CURVE ( 'NONE', #343, #918, #976, .T. ) ;
#564 = CARTESIAN_POINT ( 'NONE',  ( 5.300499999999999545, -2.375000000000000000, -0.1250000000000000000 ) ) ;
#565 = DIRECTION ( 'NONE',  ( 1.000000000000000000, 0.000000000000000000, 0.000000000000000000 ) ) ;
#566 = ORIENTED_EDGE ( 'NONE', *, *, #864, .T. ) ;
#567 = AXIS2_PLACEMENT_3D ( 'NONE', #319, #1228, #1214 ) ;
#568 = CARTESIAN_POINT ( 'NONE',  ( 2.810393446831728426, -0.2500000000000000000, -0.1250000000000000000 ) ) ;
#569 = AXIS2_PLACEMENT_3D ( 'NONE', #394, #963, #401 ) ;
#570 = ORIENTED_EDGE ( 'NONE', *, *, #1028, .F. ) ;
#571 = DIRECTION ( 'NONE',  ( 1.000000000000000000, 0.000000000000000000, 0.000000000000000000 ) ) ;
#572 = EDGE_CURVE ( 'NONE', #142, #208, #300, .T. ) ;
#573 = DIRECTION ( 'NONE',  ( 0.000000000000000000, 0.000000000000000000, 1.000000000000000000 ) ) ;
#574 = AXIS2_PLACEMENT_3D ( 'NONE', #1413, #852, #1066 ) ;
#575 = DIRECTION ( 'NONE',  ( 1.000000000000000000, 0.000000000000000000, 0.000000000000000000 ) ) ;
#576 = ORIENTED_EDGE ( 'NONE', *, *, #1199, .F. ) ;
#577 = DIRECTION ( 'NONE',  ( 1.000000000000000000, 0.000000000000000000, 0.000000000000000000 ) ) ;
#578 = ORIENTED_EDGE ( 'NONE', *, *, #1396, .T. ) ;
#579 = AXIS2_PLACEMENT_3D ( 'NONE', #360, #138, #1035 ) ;
#580 = DIRECTION ( 'NONE',  ( 1.000000000000000000, 0.000000000000000000, 0.000000000000000000 ) ) ;
#581 = CARTESIAN_POINT ( 'NONE',  ( 5.949999999999999289, -2.156250000000000000, -0.1250000000000000000 ) ) ;
#582 = LINE ( 'NONE', #1251, #58 ) ;
#583 = DIRECTION ( 'NONE',  ( 0.000000000000000000, 0.000000000000000000, 1.000000000000000000 ) ) ;
#584 = ORIENTED_EDGE ( 'NONE', *, *, #254, .T. ) ;
#585 = DIRECTION ( 'NONE',  ( -1.000000000000000000, 0.000000000000000000, 0.000000000000000000 ) ) ;
#586 = ORIENTED_EDGE ( 'NONE', *, *, #677, .F. ) ;
#587 = FACE_OUTER_BOUND ( 'NONE', #1441, .T. ) ;
#588 = DIRECTION ( 'NONE',  ( 1.000000000000000000, 0.000000000000000000, 0.000000000000000000 ) ) ;
#589 = AXIS2_PLACEMENT_3D ( 'NONE', #982, #1368, #588 ) ;
#590 = DIRECTION ( 'NONE',  ( -1.000000000000000000, 0.000000000000000000, 0.000000000000000000 ) ) ;
#591 = ADVANCED_FACE ( 'NONE', ( #59 ), #406, .T. ) ;
#592 = CARTESIAN_POINT ( 'NONE',  ( 5.300499999999999545, -1.625000000000000000, -0.1250000000000000000 ) ) ;
#593 = VERTEX_POINT ( 'NONE', #43 ) ;
#594 = CYLINDRICAL_SURFACE ( 'NONE', #714, 0.1004999999999996452 ) ;
#595 = VERTEX_POINT ( 'NONE', #1431 ) ;
#596 = CIRCLE ( 'NONE', #1092, 0.2499999999999998057 ) ;
#597 = LINE ( 'NONE', #40, #697 ) ;
#598 = CARTESIAN_POINT ( 'NONE',  ( 2.658583481077426480, -0.6500000000000000222, -0.1250000000000000000 ) ) ;
#599 = VECTOR ( 'NONE', #414, 39.37007874015748143 ) ;
#600 = LINE ( 'NONE', #233, #825 ) ;
#601 = ORIENTED_EDGE ( 'NONE', *, *, #859, .F. ) ;
#602 = ORIENTED_EDGE ( 'NONE', *, *, #36, .F. ) ;
#603 = CARTESIAN_POINT ( 'NONE',  ( 5.700000000000000178, -0.2500000000000000000, -0.1250000000000000000 ) ) ;
#604 = EDGE_CURVE ( 'NONE', #421, #1103, #735, .T. ) ;
#605 = DIRECTION ( 'NONE',  ( 0.000000000000000000, 0.000000000000000000, 1.000000000000000000 ) ) ;
#606 = EDGE_CURVE ( 'NONE', #1129, #27, #1407, .T. ) ;
#607 = DIRECTION ( 'NONE',  ( 1.000000000000000000, 0.000000000000000000, 0.000000000000000000 ) ) ;
#608 = ORIENTED_EDGE ( 'NONE', *, *, #189, .F. ) ;
#609 = EDGE_CURVE ( 'NONE', #161, #875, #1038, .T. ) ;
#610 = VERTEX_POINT ( 'NONE', #165 ) ;
#611 = CARTESIAN_POINT ( 'NONE',  ( 6.120496815417499903, -2.825569267665882123, 0.000000000000000000 ) ) ;
#612 = DIRECTION ( 'NONE',  ( 0.000000000000000000, 0.000000000000000000, 1.000000000000000000 ) ) ;
#613 = EDGE_CURVE ( 'NONE', #1352, #1335, #1229, .T. ) ;
#614 = FACE_OUTER_BOUND ( 'NONE', #187, .T. ) ;
#615 = ORIENTED_EDGE ( 'NONE', *, *, #74, .T. ) ;
#616 = DIRECTION ( 'NONE',  ( 1.000000000000000000, 2.185478394931412152E-15, 0.000000000000000000 ) ) ;
#617 =( GEOMETRIC_REPRESENTATION_CONTEXT ( 3 ) GLOBAL_UNCERTAINTY_ASSIGNED_CONTEXT ( ( #1064 ) ) GLOBAL_UNIT_ASSIGNED_CONTEXT ( ( #246, #915, #137 ) ) REPRESENTATION_CONTEXT ( 'NONE', 'WORKASPACE' ) );
#618 = CIRCLE ( 'NONE', #567, 0.1005000000000007415 ) ;
#619 = CARTESIAN_POINT ( 'NONE',  ( 3.310393446831728870, -0.2500000000000000000, -0.1250000000000000000 ) ) ;
#620 = FACE_OUTER_BOUND ( 'NONE', #1115, .T. ) ;
#621 = CIRCLE ( 'NONE', #1142, 0.2499999999999998057 ) ;
#622 = ORIENTED_EDGE ( 'NONE', *, *, #327, .T. ) ;
#623 = DIRECTION ( 'NONE',  ( 0.000000000000000000, 0.000000000000000000, -1.000000000000000000 ) ) ;
#624 = ADVANCED_FACE ( 'NONE', ( #285 ), #1073, .T. ) ;
#625 = CARTESIAN_POINT ( 'NONE',  ( 5.870496815417497238, -2.825569267665882123, 0.000000000000000000 ) ) ;
#626 = DIRECTION ( 'NONE',  ( 1.000000000000000000, 0.000000000000000000, 0.000000000000000000 ) ) ;
#627 = AXIS2_PLACEMENT_3D ( 'NONE', #1442, #420, #876 ) ;
#628 = EDGE_CURVE ( 'NONE', #927, #142, #920, .T. ) ;
#629 = EDGE_LOOP ( 'NONE', ( #837, #1083, #531, #547 ) ) ;
#630 = CARTESIAN_POINT ( 'NONE',  ( 5.988000000000000433, -2.750000000000000000, -0.1250000000000000000 ) ) ;
#631 = DIRECTION ( 'NONE',  ( 1.000000000000000000, 0.000000000000000000, 0.000000000000000000 ) ) ;
#632 = CIRCLE ( 'NONE', #62, 0.1005000000000002003 ) ;
#633 = DIRECTION ( 'NONE',  ( 0.000000000000000000, 0.000000000000000000, 1.000000000000000000 ) ) ;
#634 = DIRECTION ( 'NONE',  ( 0.000000000000000000, 0.000000000000000000, 1.000000000000000000 ) ) ;
#635 = EDGE_CURVE ( 'NONE', #88, #446, #1205, .T. ) ;
#636 = ORIENTED_EDGE ( 'NONE', *, *, #299, .T. ) ;
#637 = CARTESIAN_POINT ( 'NONE',  ( 4.387500000000000178, -3.500000000000000444, -0.1250000000000000000 ) ) ;
#638 = DIRECTION ( 'NONE',  ( 0.000000000000000000, 0.000000000000000000, -1.000000000000000000 ) ) ;
#639 = AXIS2_PLACEMENT_3D ( 'NONE', #198, #533, #411 ) ;
#640 = CARTESIAN_POINT ( 'NONE',  ( 3.275344858322875918, -0.7236842105263158187, -0.1250000000000000000 ) ) ;
#641 = CIRCLE ( 'NONE', #854, 0.1004999999999996452 ) ;
#642 = ORIENTED_EDGE ( 'NONE', *, *, #1465, .T. ) ;
#643 = DIRECTION ( 'NONE',  ( 0.000000000000000000, 0.000000000000000000, 1.000000000000000000 ) ) ;
#644 = CARTESIAN_POINT ( 'NONE',  ( 2.658583481077426480, 0.000000000000000000, 0.000000000000000000 ) ) ;
#645 = EDGE_CURVE ( 'NONE', #1410, #903, #256, .T. ) ;
#646 = CIRCLE ( 'NONE', #52, 0.1005000000000007415 ) ;
#647 = EDGE_LOOP ( 'NONE', ( #1392, #798, #1224, #38 ) ) ;
#648 = DIRECTION ( 'NONE',  ( -4.856618655403130666E-16, 1.000000000000000000, 0.000000000000000000 ) ) ;
#649 = ORIENTED_EDGE ( 'NONE', *, *, #374, .T. ) ;
#650 = AXIS2_PLACEMENT_3D ( 'NONE', #35, #1405, #41 ) ;
#651 = FACE_OUTER_BOUND ( 'NONE', #464, .T. ) ;
#652 = EDGE_CURVE ( 'NONE', #496, #155, #281, .T. ) ;
#653 = AXIS2_PLACEMENT_3D ( 'NONE', #345, #23, #571 ) ;
#654 = ORIENTED_EDGE ( 'NONE', *, *, #1022, .F. ) ;
#655 = VERTEX_POINT ( 'NONE', #561 ) ;
#656 = CARTESIAN_POINT ( 'NONE',  ( 4.700000000000000178, -2.156250000000000000, 0.000000000000000000 ) ) ;
#657 = ORIENTED_EDGE ( 'NONE', *, *, #563, .T. ) ;
#658 = CARTESIAN_POINT ( 'NONE',  ( 5.200000000000000178, -2.375000000000000000, -0.1250000000000000000 ) ) ;
#659 = CARTESIAN_POINT ( 'NONE',  ( 5.310393446831728426, -0.2500000000000000000, -0.1250000000000000000 ) ) ;
#660 = ORIENTED_EDGE ( 'NONE', *, *, #9, .F. ) ;
#661 = PLANE ( 'NONE',  #179 ) ;
#662 = EDGE_LOOP ( 'NONE', ( #1031, #83, #1100, #1230 ) ) ;
#663 = CARTESIAN_POINT ( 'NONE',  ( 0.000000000000000000, 0.000000000000000000, 0.000000000000000000 ) ) ;
#664 = CARTESIAN_POINT ( 'NONE',  ( 4.613000000000000433, -2.750000000000000000, 0.000000000000000000 ) ) ;
#665 = CIRCLE ( 'NONE', #1171, 0.1005000000000007415 ) ;
#666 = DIRECTION ( 'NONE',  ( 0.000000000000000000, 0.000000000000000000, -1.000000000000000000 ) ) ;
#667 = ORIENTED_EDGE ( 'NONE', *, *, #1127, .F. ) ;
#668 = ORIENTED_EDGE ( 'NONE', *, *, #652, .F. ) ;
#669 = FACE_OUTER_BOUND ( 'NONE', #546, .T. ) ;
#670 = EDGE_CURVE ( 'NONE', #1448, #1174, #469, .T. ) ;
#671 = EDGE_CURVE ( 'NONE', #971, #330, #968, .T. ) ;
#672 = ORIENTED_EDGE ( 'NONE', *, *, #502, .T. ) ;
#673 = DIRECTION ( 'NONE',  ( 0.000000000000000000, 0.000000000000000000, 1.000000000000000000 ) ) ;
#674 = DIRECTION ( 'NONE',  ( 1.000000000000000000, 0.000000000000000000, 0.000000000000000000 ) ) ;
#675 = CARTESIAN_POINT ( 'NONE',  ( 4.789106553168267943, -0.9905306485810119188, -0.1250000000000000000 ) ) ;
#676 = ORIENTED_EDGE ( 'NONE', *, *, #347, .T. ) ;
#677 = EDGE_CURVE ( 'NONE', #1373, #1280, #18, .T. ) ;
#678 = DIRECTION ( 'NONE',  ( 0.000000000000000000, 0.000000000000000000, -1.000000000000000000 ) ) ;
#679 = ORIENTED_EDGE ( 'NONE', *, *, #736, .T. ) ;
#680 = CARTESIAN_POINT ( 'NONE',  ( 2.558583481077426391, -0.1000000000000000056, -0.1250000000000000000 ) ) ;
#681 = DIRECTION ( 'NONE',  ( 0.000000000000000000, 0.000000000000000000, 1.000000000000000000 ) ) ;
#682 = DIRECTION ( 'NONE',  ( -0.7534246575342461449, 0.6575342465753430954, 0.000000000000000000 ) ) ;
#683 = PRESENTATION_STYLE_ASSIGNMENT (( #803 ) ) ;
#684 = ORIENTED_EDGE ( 'NONE', *, *, #502, .F. ) ;
#685 = AXIS2_PLACEMENT_3D ( 'NONE', #417, #863, #521 ) ;
#686 = CARTESIAN_POINT ( 'NONE',  ( 5.700000000000000178, -0.2500000000000000000, -0.1250000000000000000 ) ) ;
#687 = AXIS2_PLACEMENT_3D ( 'NONE', #224, #1044, #926 ) ;
#688 = ORIENTED_EDGE ( 'NONE', *, *, #74, .F. ) ;
#689 = DIRECTION ( 'NONE',  ( 0.000000000000000000, 0.000000000000000000, 1.000000000000000000 ) ) ;
#690 = FACE_OUTER_BOUND ( 'NONE', #662, .T. ) ;
#691 = LINE ( 'NONE', #355, #479 ) ;
#692 = VECTOR ( 'NONE', #77, 39.37007874015748143 ) ;
#693 = CARTESIAN_POINT ( 'NONE',  ( 5.200000000000000178, -3.125000000000000000, 0.000000000000000000 ) ) ;
#694 = EDGE_LOOP ( 'NONE', ( #1343, #104, #535, #259 ) ) ;
#695 = DIRECTION ( 'NONE',  ( 1.000000000000000000, 0.000000000000000000, 0.000000000000000000 ) ) ;
#696 = EDGE_LOOP ( 'NONE', ( #103, #365, #218, #2 ) ) ;
#697 = VECTOR ( 'NONE', #158, 39.37007874015748143 ) ;
#698 = PLANE ( 'NONE',  #423 ) ;
#699 = CARTESIAN_POINT ( 'NONE',  ( 5.310393446831728426, -0.2500000000000000000, -0.1250000000000000000 ) ) ;
#700 = LINE ( 'NONE', #153, #199 ) ;
#701 = CIRCLE ( 'NONE', #369, 0.1004999999999996452 ) ;
#702 = CIRCLE ( 'NONE', #1412, 0.1005000000000012966 ) ;
#703 = ORIENTED_EDGE ( 'NONE', *, *, #1423, .F. ) ;
#704 = CARTESIAN_POINT ( 'NONE',  ( 5.300499999999999545, -2.375000000000000000, -0.1250000000000000000 ) ) ;
#705 = VECTOR ( 'NONE', #21, 39.37007874015747433 ) ;
#706 = ORIENTED_EDGE ( 'NONE', *, *, #327, .F. ) ;
#707 = CARTESIAN_POINT ( 'NONE',  ( 5.988000000000000433, -2.750000000000000000, 0.000000000000000000 ) ) ;
#708 = AXIS2_PLACEMENT_3D ( 'NONE', #625, #1187, #1306 ) ;
#709 = FACE_OUTER_BOUND ( 'NONE', #1217, .T. ) ;
#710 = AXIS2_PLACEMENT_3D ( 'NONE', #257, #583, #356 ) ;
#711 = FILL_AREA_STYLE ('',( #1269 ) ) ;
#712 = EDGE_LOOP ( 'NONE', ( #843, #1122, #772, #727, #739, #874, #667, #378, #1350, #488, #212, #302, #209, #1096, #431, #601, #726, #315, #197, #430, #950, #359 ) ) ;
#713 = ORIENTED_EDGE ( 'NONE', *, *, #121, .T. ) ;
#714 = AXIS2_PLACEMENT_3D ( 'NONE', #1046, #363, #250 ) ;
#715 = EDGE_CURVE ( 'NONE', #1173, #943, #1416, .T. ) ;
#716 = CIRCLE ( 'NONE', #687, 0.2499999999999998057 ) ;
#717 = DIRECTION ( 'NONE',  ( 0.000000000000000000, 0.000000000000000000, 1.000000000000000000 ) ) ;
#718 = CARTESIAN_POINT ( 'NONE',  ( 3.310393446831728870, -0.2500000000000000000, -0.1250000000000000000 ) ) ;
#719 = EDGE_CURVE ( 'NONE', #1232, #951, #1473, .T. ) ;
#720 = DIRECTION ( 'NONE',  ( 0.000000000000000000, 0.000000000000000000, 1.000000000000000000 ) ) ;
#721 = ORIENTED_EDGE ( 'NONE', *, *, #238, .T. ) ;
#722 = ORIENTED_EDGE ( 'NONE', *, *, #238, .F. ) ;
#723 = DIRECTION ( 'NONE',  ( 0.000000000000000000, 0.000000000000000000, 1.000000000000000000 ) ) ;
#724 = DIRECTION ( 'NONE',  ( 0.000000000000000000, 0.000000000000000000, 1.000000000000000000 ) ) ;
#725 = FACE_BOUND ( 'NONE', #1076, .T. ) ;
#726 = ORIENTED_EDGE ( 'NONE', *, *, #157, .T. ) ;
#727 = ORIENTED_EDGE ( 'NONE', *, *, #715, .T. ) ;
#728 = DIRECTION ( 'NONE',  ( -0.000000000000000000, 1.000000000000000000, 0.000000000000000000 ) ) ;
#729 = DIRECTION ( 'NONE',  ( 1.000000000000000000, 0.000000000000000000, 0.000000000000000000 ) ) ;
#730 = CARTESIAN_POINT ( 'NONE',  ( 5.410893446831729570, -0.2500000000000000000, -0.1250000000000000000 ) ) ;
#731 = CARTESIAN_POINT ( 'NONE',  ( 6.117155632413641797, -2.866305345018275830, 0.000000000000000000 ) ) ;
#732 = ORIENTED_EDGE ( 'NONE', *, *, #320, .F. ) ;
#733 = DIRECTION ( 'NONE',  ( 1.000000000000000000, 0.000000000000000000, 0.000000000000000000 ) ) ;
#734 = EDGE_CURVE ( 'NONE', #791, #1012, #204, .T. ) ;
#735 = LINE ( 'NONE', #292, #1216 ) ;
#736 = EDGE_CURVE ( 'NONE', #1009, #820, #335, .T. ) ;
#737 = DIRECTION ( 'NONE',  ( 1.000000000000000000, 0.000000000000000000, 0.000000000000000000 ) ) ;
#738 = AXIS2_PLACEMENT_3D ( 'NONE', #970, #826, #626 ) ;
#739 = ORIENTED_EDGE ( 'NONE', *, *, #1048, .F. ) ;
#740 = DIRECTION ( 'NONE',  ( -0.000000000000000000, -0.000000000000000000, -1.000000000000000000 ) ) ;
#741 = FACE_OUTER_BOUND ( 'NONE', #848, .T. ) ;
#742 = EDGE_CURVE ( 'NONE', #779, #161, #1382, .T. ) ;
#743 = DIRECTION ( 'NONE',  ( 0.000000000000000000, 0.000000000000000000, 1.000000000000000000 ) ) ;
#744 = CARTESIAN_POINT ( 'NONE',  ( 2.658583481077426480, -0.1000000000000000056, -0.1250000000000000000 ) ) ;
#745 = EDGE_LOOP ( 'NONE', ( #813, #886, #283, #541 ) ) ;
#746 = DIRECTION ( 'NONE',  ( -1.000000000000000000, 0.000000000000000000, 0.000000000000000000 ) ) ;
#747 = CARTESIAN_POINT ( 'NONE',  ( 4.512500000000000178, -2.750000000000000000, -0.1250000000000000000 ) ) ;
#748 = DIRECTION ( 'NONE',  ( 0.000000000000000000, 0.000000000000000000, 1.000000000000000000 ) ) ;
#749 = DIRECTION ( 'NONE',  ( -0.000000000000000000, 1.000000000000000000, 0.000000000000000000 ) ) ;
#750 = AXIS2_PLACEMENT_3D ( 'NONE', #132, #1384, #1391 ) ;
#751 = ORIENTED_EDGE ( 'NONE', *, *, #719, .T. ) ;
#752 = ADVANCED_FACE ( 'NONE', ( #16 ), #451, .T. ) ;
#753 = DIRECTION ( 'NONE',  ( 0.000000000000000000, 0.000000000000000000, 1.000000000000000000 ) ) ;
#754 = EDGE_CURVE ( 'NONE', #1182, #983, #316, .T. ) ;
#755 = DIRECTION ( 'NONE',  ( 0.000000000000000000, 0.000000000000000000, 1.000000000000000000 ) ) ;
#756 = AXIS2_PLACEMENT_3D ( 'NONE', #353, #689, #116 ) ;
#757 = DIRECTION ( 'NONE',  ( 0.000000000000000000, 0.000000000000000000, 1.000000000000000000 ) ) ;
#758 = EDGE_LOOP ( 'NONE', ( #586, #649, #200, #1371 ) ) ;
#759 = CARTESIAN_POINT ( 'NONE',  ( 6.047060253891811676, -3.290736077352393707, -0.1250000000000000000 ) ) ;
#760 = CIRCLE ( 'NONE', #1072, 0.2499999999999998057 ) ;
#761 = ADVANCED_FACE ( 'NONE', ( #6 ), #461, .T. ) ;
#762 = ORIENTED_EDGE ( 'NONE', *, *, #787, .T. ) ;
#763 = DIRECTION ( 'NONE',  ( 0.000000000000000000, 0.000000000000000000, 1.000000000000000000 ) ) ;
#764 = VECTOR ( 'NONE', #1376, 39.37007874015748143 ) ;
#765 = EDGE_LOOP ( 'NONE', ( #1443, #311, #1141, #1180 ) ) ;
#766 = ORIENTED_EDGE ( 'NONE', *, *, #1048, .T. ) ;
#767 = LINE ( 'NONE', #637, #297 ) ;
#768 = VERTEX_POINT ( 'NONE', #664 ) ;
#769 = AXIS2_PLACEMENT_3D ( 'NONE', #1259, #545, #214 ) ;
#770 = DIRECTION ( 'NONE',  ( 0.9866352679845962204, -0.1629443094095775202, 0.000000000000000000 ) ) ;
#771 = VECTOR ( 'NONE', #681, 39.37007874015748143 ) ;
#772 = ORIENTED_EDGE ( 'NONE', *, *, #1164, .F. ) ;
#773 = CARTESIAN_POINT ( 'NONE',  ( 3.209893446831728614, -0.2500000000000000000, -0.1250000000000000000 ) ) ;
#774 = ORIENTED_EDGE ( 'NONE', *, *, #1439, .T. ) ;
#775 = APPLICATION_PROTOCOL_DEFINITION ( 'draft international standard', 'automotive_design', 1998, #278 ) ;
#776 = CARTESIAN_POINT ( 'NONE',  ( 6.120496815417499903, -2.825569267665882123, -0.1250000000000000000 ) ) ;
#777 = VECTOR ( 'NONE', #73, 39.37007874015748143 ) ;
#778 = ADVANCED_FACE ( 'NONE', ( #690 ), #1144, .F. ) ;
#779 = VERTEX_POINT ( 'NONE', #810 ) ;
#780 = CARTESIAN_POINT ( 'NONE',  ( 6.012500000000000178, -3.500000000000000444, -0.1250000000000000000 ) ) ;
#781 = EDGE_LOOP ( 'NONE', ( #1004, #944, #459, #1345 ) ) ;
#782 = CARTESIAN_POINT ( 'NONE',  ( 6.058852979801064187, -2.661185706022047182, -0.1250000000000000000 ) ) ;
#783 = CARTESIAN_POINT ( 'NONE',  ( 2.558583481077426391, 0.000000000000000000, 0.000000000000000000 ) ) ;
#784 = CIRCLE ( 'NONE', #150, 0.1004999999999996452 ) ;
#785 = DIRECTION ( 'NONE',  ( 1.000000000000000000, 0.000000000000000000, 0.000000000000000000 ) ) ;
#786 = EDGE_CURVE ( 'NONE', #115, #1342, #1452, .T. ) ;
#787 = EDGE_CURVE ( 'NONE', #610, #1189, #1146, .T. ) ;
#788 =( NAMED_UNIT ( * ) PLANE_ANGLE_UNIT ( ) SI_UNIT ( $, .RADIAN. ) );
#789 = ORIENTED_EDGE ( 'NONE', *, *, #882, .F. ) ;
#790 = CARTESIAN_POINT ( 'NONE',  ( 5.310393446831728426, -0.2500000000000000000, -0.1250000000000000000 ) ) ;
#791 = VERTEX_POINT ( 'NONE', #1005 ) ;
#792 = FACE_BOUND ( 'NONE', #425, .T. ) ;
#793 = CARTESIAN_POINT ( 'NONE',  ( 4.599598563104346560, -3.250000000000000000, -0.1250000000000000000 ) ) ;
#794 = DIRECTION ( 'NONE',  ( 1.000000000000000000, 0.000000000000000000, 0.000000000000000000 ) ) ;
#795 = DIRECTION ( 'NONE',  ( 0.000000000000000000, 0.000000000000000000, 1.000000000000000000 ) ) ;
#796 = EDGE_LOOP ( 'NONE', ( #985, #270, #1287, #1403 ) ) ;
#797 = DIRECTION ( 'NONE',  ( 1.000000000000000000, 0.000000000000000000, 0.000000000000000000 ) ) ;
#798 = ORIENTED_EDGE ( 'NONE', *, *, #866, .T. ) ;
#799 = ADVANCED_FACE ( 'NONE', ( #468 ), #1462, .F. ) ;
#800 = DIRECTION ( 'NONE',  ( 0.7534246575342464780, 0.6575342465753425403, 0.000000000000000000 ) ) ;
#801 = CARTESIAN_POINT ( 'NONE',  ( 6.117155632413641797, -2.866305345018275830, -0.1250000000000000000 ) ) ;
#802 = DIRECTION ( 'NONE',  ( -0.000000000000000000, -0.000000000000000000, 1.000000000000000000 ) ) ;
#803 = SURFACE_STYLE_USAGE ( .BOTH. , #1 ) ;
#804 = VERTEX_POINT ( 'NONE', #222 ) ;
#805 = AXIS2_PLACEMENT_3D ( 'NONE', #560, #237, #580 ) ;
#806 = CARTESIAN_POINT ( 'NONE',  ( 0.000000000000000000, 0.000000000000000000, -0.1250000000000000000 ) ) ;
#807 = ORIENTED_EDGE ( 'NONE', *, *, #1327, .T. ) ;
#808 =( LENGTH_UNIT ( ) NAMED_UNIT ( * ) SI_UNIT ( $, .METRE. ) );
#809 = EDGE_CURVE ( 'NONE', #1129, #1386, #646, .T. ) ;
#810 = CARTESIAN_POINT ( 'NONE',  ( 6.117155632413641797, -2.866305345018275830, -0.1250000000000000000 ) ) ;
#811 = CARTESIAN_POINT ( 'NONE',  ( 4.411999999999999922, -2.750000000000000000, -0.1250000000000000000 ) ) ;
#812 = CARTESIAN_POINT ( 'NONE',  ( 4.512500000000000178, -2.750000000000000000, 0.000000000000000000 ) ) ;
#813 = ORIENTED_EDGE ( 'NONE', *, *, #1016, .T. ) ;
#814 = CARTESIAN_POINT ( 'NONE',  ( 2.658583481077426480, -0.7500000000000001110, -0.1250000000000000000 ) ) ;
#815 = EDGE_LOOP ( 'NONE', ( #249, #349 ) ) ;
#816 = CARTESIAN_POINT ( 'NONE',  ( 5.870496815417497238, -2.825569267665882123, -0.1250000000000000000 ) ) ;
#817 = DIRECTION ( 'NONE',  ( 1.000000000000000000, 0.000000000000000000, 0.000000000000000000 ) ) ;
#818 = CIRCLE ( 'NONE', #486, 0.1000000000000000194 ) ;
#819 = EDGE_CURVE ( 'NONE', #1468, #1308, #284, .T. ) ;
#820 = VERTEX_POINT ( 'NONE', #967 ) ;
#821 = VECTOR ( 'NONE', #448, 39.37007874015748143 ) ;
#822 = EDGE_LOOP ( 'NONE', ( #1248, #751, #706, #657 ) ) ;
#823 = CARTESIAN_POINT ( 'NONE',  ( 5.200000000000000178, -1.625000000000000000, -0.1250000000000000000 ) ) ;
#824 = CARTESIAN_POINT ( 'NONE',  ( 3.209893446831728614, -0.2500000000000000000, 0.000000000000000000 ) ) ;
#825 = VECTOR ( 'NONE', #1030, 39.37007874015748143 ) ;
#826 = DIRECTION ( 'NONE',  ( 0.000000000000000000, 0.000000000000000000, 1.000000000000000000 ) ) ;
#827 = EDGE_CURVE ( 'NONE', #595, #958, #839, .T. ) ;
#828 = EDGE_LOOP ( 'NONE', ( #576, #1270, #1471, #1393 ) ) ;
#829 = ORIENTED_EDGE ( 'NONE', *, *, #1474, .T. ) ;
#830 = CIRCLE ( 'NONE', #186, 0.1004999999999996452 ) ;
#831 = CIRCLE ( 'NONE', #1137, 0.1005000000000012966 ) ;
#832 = DIRECTION ( 'NONE',  ( -0.6575342465753436505, -0.7534246575342455898, 0.000000000000000000 ) ) ;
#833 = DIRECTION ( 'NONE',  ( -1.000000000000000000, 0.000000000000000000, 0.000000000000000000 ) ) ;
#834 = VECTOR ( 'NONE', #1389, 39.37007874015748143 ) ;
#835 = DIRECTION ( 'NONE',  ( 1.000000000000000000, 0.000000000000000000, 0.000000000000000000 ) ) ;
#836 = ORIENTED_EDGE ( 'NONE', *, *, #76, .F. ) ;
#837 = ORIENTED_EDGE ( 'NONE', *, *, #157, .F. ) ;
#838 = FACE_OUTER_BOUND ( 'NONE', #234, .T. ) ;
#839 = CIRCLE ( 'NONE', #195, 0.1005000000000002003 ) ;
#840 = LINE ( 'NONE', #1299, #1333 ) ;
#841 = DIRECTION ( 'NONE',  ( 0.000000000000000000, 0.000000000000000000, -1.000000000000000000 ) ) ;
#842 = CARTESIAN_POINT ( 'NONE',  ( 4.990106553168268455, -0.9905306485810119188, -0.1250000000000000000 ) ) ;
#843 = ORIENTED_EDGE ( 'NONE', *, *, #320, .T. ) ;
#844 = CARTESIAN_POINT ( 'NONE',  ( 4.990106553168268455, -0.9905306485810119188, 0.000000000000000000 ) ) ;
#845 = AXIS2_PLACEMENT_3D ( 'NONE', #477, #916, #1014 ) ;
#846 = CYLINDRICAL_SURFACE ( 'NONE', #170, 0.1005000000000012966 ) ;
#847 = DIRECTION ( 'NONE',  ( 0.000000000000000000, 0.000000000000000000, 1.000000000000000000 ) ) ;
#848 = EDGE_LOOP ( 'NONE', ( #269, #1245, #868, #309 ) ) ;
#849 = CARTESIAN_POINT ( 'NONE',  ( 2.810393446831728426, -0.2500000000000000000, -0.1250000000000000000 ) ) ;
#850 = VECTOR ( 'NONE', #428, 39.37007874015748143 ) ;
#851 = DIRECTION ( 'NONE',  ( -0.000000000000000000, 0.000000000000000000, 1.000000000000000000 ) ) ;
#852 = DIRECTION ( 'NONE',  ( 0.000000000000000000, 0.000000000000000000, 1.000000000000000000 ) ) ;
#853 = FACE_BOUND ( 'NONE', #1053, .T. ) ;
#854 = AXIS2_PLACEMENT_3D ( 'NONE', #293, #720, #737 ) ;
#855 = ORIENTED_EDGE ( 'NONE', *, *, #81, .F. ) ;
#856 = DIRECTION ( 'NONE',  ( 0.000000000000000000, 0.000000000000000000, 1.000000000000000000 ) ) ;
#857 = DIRECTION ( 'NONE',  ( 1.000000000000000000, 0.000000000000000000, 0.000000000000000000 ) ) ;
#858 = CARTESIAN_POINT ( 'NONE',  ( 2.910893446831728681, -0.2500000000000000000, -0.1250000000000000000 ) ) ;
#859 = EDGE_CURVE ( 'NONE', #1167, #804, #497, .T. ) ;
#860 = DIRECTION ( 'NONE',  ( 0.000000000000000000, -0.000000000000000000, 1.000000000000000000 ) ) ;
#861 = ORIENTED_EDGE ( 'NONE', *, *, #444, .F. ) ;
#862 = LINE ( 'NONE', #303, #438 ) ;
#863 = DIRECTION ( 'NONE',  ( 0.000000000000000000, 0.000000000000000000, 1.000000000000000000 ) ) ;
#864 = EDGE_CURVE ( 'NONE', #914, #1402, #960, .T. ) ;
#865 = DIRECTION ( 'NONE',  ( 0.000000000000000000, 0.000000000000000000, -1.000000000000000000 ) ) ;
#866 = EDGE_CURVE ( 'NONE', #804, #927, #397, .T. ) ;
#867 = EDGE_CURVE ( 'NONE', #1012, #893, #597, .T. ) ;
#868 = ORIENTED_EDGE ( 'NONE', *, *, #9, .T. ) ;
#869 = ORIENTED_EDGE ( 'NONE', *, *, #350, .T. ) ;
#870 = FACE_OUTER_BOUND ( 'NONE', #308, .T. ) ;
#871 = ORIENTED_EDGE ( 'NONE', *, *, #628, .F. ) ;
#872 = CARTESIAN_POINT ( 'NONE',  ( 5.300499999999999545, -2.375000000000000000, 0.000000000000000000 ) ) ;
#873 = CIRCLE ( 'NONE', #70, 0.2499999999999998057 ) ;
#874 = ORIENTED_EDGE ( 'NONE', *, *, #786, .T. ) ;
#875 = VERTEX_POINT ( 'NONE', #611 ) ;
#876 = DIRECTION ( 'NONE',  ( 1.000000000000000000, 0.000000000000000000, 0.000000000000000000 ) ) ;
#877 = VECTOR ( 'NONE', #956, 39.37007874015748143 ) ;
#878 = ORIENTED_EDGE ( 'NONE', *, *, #809, .T. ) ;
#879 = CYLINDRICAL_SURFACE ( 'NONE', #264, 0.1004999999999996452 ) ;
#880 = AXIS2_PLACEMENT_3D ( 'NONE', #793, #109, #907 ) ;
#881 = ORIENTED_EDGE ( 'NONE', *, *, #827, .T. ) ;
#882 = EDGE_CURVE ( 'NONE', #958, #1189, #945, .T. ) ;
#883 = ORIENTED_EDGE ( 'NONE', *, *, #1390, .T. ) ;
#884 = LINE ( 'NONE', #1032, #821 ) ;
#885 = AXIS2_PLACEMENT_3D ( 'NONE', #537, #79, #1084 ) ;
#886 = ORIENTED_EDGE ( 'NONE', *, *, #1178, .T. ) ;
#887 = CIRCLE ( 'NONE', #1099, 0.1005000000000002003 ) ;
#888 = CYLINDRICAL_SURFACE ( 'NONE', #805, 0.1004999999999996452 ) ;
#889 = EDGE_CURVE ( 'NONE', #408, #804, #1197, .T. ) ;
#890 = DIRECTION ( 'NONE',  ( 0.000000000000000000, 0.000000000000000000, 1.000000000000000000 ) ) ;
#891 = VECTOR ( 'NONE', #1470, 39.37007874015748143 ) ;
#892 = AXIS2_PLACEMENT_3D ( 'NONE', #399, #743, #50 ) ;
#893 = VERTEX_POINT ( 'NONE', #707 ) ;
#894 = ORIENTED_EDGE ( 'NONE', *, *, #444, .T. ) ;
#895 = CARTESIAN_POINT ( 'NONE',  ( 5.300499999999999545, -3.125000000000000000, -0.1250000000000000000 ) ) ;
#896 = VERTEX_POINT ( 'NONE', #959 ) ;
#897 = EDGE_CURVE ( 'NONE', #655, #768, #939, .T. ) ;
#898 = CARTESIAN_POINT ( 'NONE',  ( 5.200000000000000178, -3.125000000000000000, 0.000000000000000000 ) ) ;
#899 = PLANE ( 'NONE',  #1311 ) ;
#900 = AXIS2_PLACEMENT_3D ( 'NONE', #747, #755, #91 ) ;
#901 = AXIS2_PLACEMENT_3D ( 'NONE', #348, #123, #147 ) ;
#902 = CARTESIAN_POINT ( 'NONE',  ( 5.200000000000000178, -2.375000000000000000, -0.1250000000000000000 ) ) ;
#903 = VERTEX_POINT ( 'NONE', #1404 ) ;
#904 = LINE ( 'NONE', #134, #1277 ) ;
#905 = ORIENTED_EDGE ( 'NONE', *, *, #520, .T. ) ;
#906 = FACE_OUTER_BOUND ( 'NONE', #1364, .T. ) ;
#907 = DIRECTION ( 'NONE',  ( 1.000000000000000000, 0.000000000000000000, 0.000000000000000000 ) ) ;
#908 = PLANE ( 'NONE',  #1153 ) ;
#909 = PRODUCT_DEFINITION_SHAPE ( 'NONE', 'NONE',  #936 ) ;
#910 = EDGE_CURVE ( 'NONE', #1468, #559, #701, .T. ) ;
#911 = LENGTH_MEASURE_WITH_UNIT ( LENGTH_MEASURE( 0.02539999999999999897 ), #455 );
#912 = ORIENTED_EDGE ( 'NONE', *, *, #734, .F. ) ;
#913 = DIRECTION ( 'NONE',  ( 1.000000000000000000, 0.000000000000000000, 0.000000000000000000 ) ) ;
#914 = VERTEX_POINT ( 'NONE', #34 ) ;
#915 =( NAMED_UNIT ( * ) PLANE_ANGLE_UNIT ( ) SI_UNIT ( $, .RADIAN. ) );
#916 = DIRECTION ( 'NONE',  ( 0.000000000000000000, 0.000000000000000000, -1.000000000000000000 ) ) ;
#917 = CARTESIAN_POINT ( 'NONE',  ( 2.558583481077426391, 0.000000000000000000, -0.1250000000000000000 ) ) ;
#918 = VERTEX_POINT ( 'NONE', #169 ) ;
#919 = ADVANCED_FACE ( 'NONE', ( #937 ), #1388, .F. ) ;
#920 = CIRCLE ( 'NONE', #1348, 0.2499999999999998057 ) ;
#921 = CARTESIAN_POINT ( 'NONE',  ( 2.558583481077426391, -0.6500000000000000222, -0.1250000000000000000 ) ) ;
#922 = ORIENTED_EDGE ( 'NONE', *, *, #1418, .T. ) ;
#923 = DIRECTION ( 'NONE',  ( 0.000000000000000000, 0.000000000000000000, -1.000000000000000000 ) ) ;
#924 = DIRECTION ( 'NONE',  ( 1.000000000000000000, 0.000000000000000000, 0.000000000000000000 ) ) ;
#925 = CYLINDRICAL_SURFACE ( 'NONE', #122, 0.1000000000000000194 ) ;
#926 = DIRECTION ( 'NONE',  ( 1.000000000000000000, 0.000000000000000000, 0.000000000000000000 ) ) ;
#927 = VERTEX_POINT ( 'NONE', #1169 ) ;
#928 = DIRECTION ( 'NONE',  ( 0.000000000000000000, 0.000000000000000000, 1.000000000000000000 ) ) ;
#929 = VERTEX_POINT ( 'NONE', #1282 ) ;
#930 = CARTESIAN_POINT ( 'NONE',  ( 6.012500000000000178, -3.500000000000000444, -0.1250000000000000000 ) ) ;
#931 = DIRECTION ( 'NONE',  ( 0.000000000000000000, 0.000000000000000000, -1.000000000000000000 ) ) ;
#932 = AXIS2_PLACEMENT_3D ( 'NONE', #744, #1067, #1081 ) ;
#933 = CARTESIAN_POINT ( 'NONE',  ( 4.700000000000000178, -2.156250000000000000, -0.1250000000000000000 ) ) ;
#934 = ORIENTED_EDGE ( 'NONE', *, *, #1243, .F. ) ;
#935 = ORIENTED_EDGE ( 'NONE', *, *, #827, .F. ) ;
#936 = PRODUCT_DEFINITION ( 'UNKNOWN', '', #44, #1186 ) ;
#937 = FACE_OUTER_BOUND ( 'NONE', #796, .T. ) ;
#938 = CARTESIAN_POINT ( 'NONE',  ( 5.870496815417497238, -2.825569267665882123, -0.1250000000000000000 ) ) ;
#939 = CIRCLE ( 'NONE', #1003, 0.1005000000000012966 ) ;
#940 = ADVANCED_FACE ( 'NONE', ( #838 ), #1298, .T. ) ;
#941 = EDGE_CURVE ( 'NONE', #88, #47, #56, .T. ) ;
#942 = DIRECTION ( 'NONE',  ( 0.000000000000000000, 0.000000000000000000, 1.000000000000000000 ) ) ;
#943 = VERTEX_POINT ( 'NONE', #603 ) ;
#944 = ORIENTED_EDGE ( 'NONE', *, *, #563, .F. ) ;
#945 = LINE ( 'NONE', #262, #1273 ) ;
#946 = LINE ( 'NONE', #811, #834 ) ;
#947 = EDGE_CURVE ( 'NONE', #896, #1167, #1071, .T. ) ;
#948 = AXIS2_PLACEMENT_3D ( 'NONE', #1097, #317, #89 ) ;
#949 = FACE_BOUND ( 'NONE', #1379, .T. ) ;
#950 = ORIENTED_EDGE ( 'NONE', *, *, #552, .T. ) ;
#951 = VERTEX_POINT ( 'NONE', #489 ) ;
#952 = AXIS2_PLACEMENT_3D ( 'NONE', #1437, #986, #998 ) ;
#953 = VECTOR ( 'NONE', #795, 39.37007874015748143 ) ;
#954 = CARTESIAN_POINT ( 'NONE',  ( 4.529503184582496012, -2.825569267665882123, -0.1250000000000000000 ) ) ;
#955 = CARTESIAN_POINT ( 'NONE',  ( 5.099500000000000810, -3.125000000000000000, 0.000000000000000000 ) ) ;
#956 = DIRECTION ( 'NONE',  ( 0.000000000000000000, 0.000000000000000000, 1.000000000000000000 ) ) ;
#957 = DIRECTION ( 'NONE',  ( 0.000000000000000000, 0.000000000000000000, 1.000000000000000000 ) ) ;
#958 = VERTEX_POINT ( 'NONE', #506 ) ;
#959 = CARTESIAN_POINT ( 'NONE',  ( 4.638356164383559133, -2.320633561643834941, 0.000000000000000000 ) ) ;
#960 = CIRCLE ( 'NONE', #392, 0.1005000000000012966 ) ;
#961 = ADVANCED_BREP_SHAPE_REPRESENTATION ( 'Hook V2 REBUILT', ( #57, #286 ), #617 ) ;
#962 = DIRECTION ( 'NONE',  ( 0.000000000000000000, 0.000000000000000000, 1.000000000000000000 ) ) ;
#963 = DIRECTION ( 'NONE',  ( 0.000000000000000000, 0.000000000000000000, -1.000000000000000000 ) ) ;
#964 = PRODUCT_RELATED_PRODUCT_CATEGORY ( 'part', '', ( #457 ) ) ;
#965 = VECTOR ( 'NONE', #1015, 39.37007874015748143 ) ;
#966 = VERTEX_POINT ( 'NONE', #1411 ) ;
#967 = CARTESIAN_POINT ( 'NONE',  ( 2.558583481077426391, -0.09999999999999997780, 0.000000000000000000 ) ) ;
#968 = CIRCLE ( 'NONE', #653, 0.1005000000000002003 ) ;
#969 = DIRECTION ( 'NONE',  ( 0.1629443094095779920, -0.9866352679845959983, 0.000000000000000000 ) ) ;
#970 = CARTESIAN_POINT ( 'NONE',  ( 5.200000000000000178, -1.625000000000000000, 0.000000000000000000 ) ) ;
#971 = VERTEX_POINT ( 'NONE', #844 ) ;
#972 = DIRECTION ( 'NONE',  ( -0.6575342465753425403, 0.7534246575342464780, 0.000000000000000000 ) ) ;
#973 = VECTOR ( 'NONE', #851, 39.37007874015748143 ) ;
#974 = CARTESIAN_POINT ( 'NONE',  ( 5.200000000000000178, -1.625000000000000000, -0.1250000000000000000 ) ) ;
#975 = ADVANCED_FACE ( 'NONE', ( #1305 ), #1077, .F. ) ;
#976 = LINE ( 'NONE', #1301, #1406 ) ;
#977 = LINE ( 'NONE', #287, #500 ) ;
#978 = AXIS2_PLACEMENT_3D ( 'NONE', #1198, #847, #607 ) ;
#979 = VERTEX_POINT ( 'NONE', #84 ) ;
#980 = CARTESIAN_POINT ( 'NONE',  ( 5.700000000000000178, -2.156250000000000000, 0.000000000000000000 ) ) ;
#981 = CARTESIAN_POINT ( 'NONE',  ( 3.209893446831728614, -0.2500000000000000000, -0.1250000000000000000 ) ) ;
#982 = CARTESIAN_POINT ( 'NONE',  ( 5.200000000000000178, -2.375000000000000000, 0.000000000000000000 ) ) ;
#983 = VERTEX_POINT ( 'NONE', #980 ) ;
#984 = DIRECTION ( 'NONE',  ( 0.1629443094095779920, -0.9866352679845959983, 0.000000000000000000 ) ) ;
#985 = ORIENTED_EDGE ( 'NONE', *, *, #910, .F. ) ;
#986 = DIRECTION ( 'NONE',  ( 0.000000000000000000, 0.000000000000000000, -1.000000000000000000 ) ) ;
#987 = ORIENTED_EDGE ( 'NONE', *, *, #1247, .F. ) ;
#988 = VERTEX_POINT ( 'NONE', #1202 ) ;
#989 = DIRECTION ( 'NONE',  ( 1.000000000000000000, 1.365923996832131412E-15, 0.000000000000000000 ) ) ;
#990 = ORIENTED_EDGE ( 'NONE', *, *, #1472, .T. ) ;
#991 = CARTESIAN_POINT ( 'NONE',  ( 5.099500000000000810, -1.625000000000000000, 0.000000000000000000 ) ) ;
#992 = CIRCLE ( 'NONE', #685, 0.1005000000000002003 ) ;
#993 = ORIENTED_EDGE ( 'NONE', *, *, #677, .T. ) ;
#994 = EDGE_LOOP ( 'NONE', ( #912, #85, #1139, #466 ) ) ;
#995 = CARTESIAN_POINT ( 'NONE',  ( 5.099500000000000810, -3.125000000000000000, -0.1250000000000000000 ) ) ;
#996 = ADVANCED_FACE ( 'NONE', ( #181 ), #1309, .T. ) ;
#997 = ORIENTED_EDGE ( 'NONE', *, *, #1263, .T. ) ;
#998 = DIRECTION ( 'NONE',  ( 1.000000000000000000, 0.000000000000000000, 0.000000000000000000 ) ) ;
#999 = CARTESIAN_POINT ( 'NONE',  ( 3.850000000000000089, -1.350000000000000089, -0.1250000000000000000 ) ) ;
#1000 = ORIENTED_EDGE ( 'NONE', *, *, #42, .T. ) ;
#1001 = ADVANCED_FACE ( 'NONE', ( #289 ), #409, .F. ) ;
#1002 = CARTESIAN_POINT ( 'NONE',  ( 5.800401436895653795, -3.500000000000000444, -0.1250000000000000000 ) ) ;
#1003 = AXIS2_PLACEMENT_3D ( 'NONE', #1049, #29, #372 ) ;
#1004 = ORIENTED_EDGE ( 'NONE', *, *, #519, .F. ) ;
#1005 = CARTESIAN_POINT ( 'NONE',  ( 5.786999999999999922, -2.750000000000000000, -0.1250000000000000000 ) ) ;
#1006 = CARTESIAN_POINT ( 'NONE',  ( 4.889606553168268199, -0.9905306485810119188, -0.1250000000000000000 ) ) ;
#1007 = VECTOR ( 'NONE', #1114, 39.37007874015748143 ) ;
#1008 = EDGE_LOOP ( 'NONE', ( #1109, #1436, #450, #95 ) ) ;
#1009 = VERTEX_POINT ( 'NONE', #426 ) ;
#1010 = CARTESIAN_POINT ( 'NONE',  ( 5.450000000000000178, 0.000000000000000000, -0.1250000000000000000 ) ) ;
#1011 = MECHANICAL_DESIGN_GEOMETRIC_PRESENTATION_REPRESENTATION (  '', ( #1161 ), #1206 ) ;
#1012 = VERTEX_POINT ( 'NONE', #630 ) ;
#1013 = DIRECTION ( 'NONE',  ( 0.000000000000000000, 0.000000000000000000, 1.000000000000000000 ) ) ;
#1014 = DIRECTION ( 'NONE',  ( 1.000000000000000000, -1.775701195881772571E-15, 0.000000000000000000 ) ) ;
#1015 = DIRECTION ( 'NONE',  ( 0.000000000000000000, 0.000000000000000000, 1.000000000000000000 ) ) ;
#1016 = EDGE_CURVE ( 'NONE', #408, #20, #767, .T. ) ;
#1017 = CIRCLE ( 'NONE', #1069, 0.1004999999999996452 ) ;
#1018 = EDGE_CURVE ( 'NONE', #446, #966, #818, .T. ) ;
#1019 = AXIS2_PLACEMENT_3D ( 'NONE', #1307, #523, #268 ) ;
#1020 = DIRECTION ( 'NONE',  ( 0.000000000000000000, 0.000000000000000000, 1.000000000000000000 ) ) ;
#1021 = CARTESIAN_POINT ( 'NONE',  ( 6.120496815417499903, -2.825569267665882123, -0.1250000000000000000 ) ) ;
#1022 = EDGE_CURVE ( 'NONE', #593, #47, #1322, .T. ) ;
#1023 = EDGE_LOOP ( 'NONE', ( #672, #642, #162, #1450, #339, #615, #556, #1253, #370, #274, #33, #227, #1000, #622, #1118, #133, #487, #14, #990, #71, #1225, #1460 ) ) ;
#1024 = AXIS2_PLACEMENT_3D ( 'NONE', #1324, #633, #280 ) ;
#1025 = LENGTH_MEASURE_WITH_UNIT ( LENGTH_MEASURE( 0.02539999999999999897 ), #808 );
#1026 = DIRECTION ( 'NONE',  ( 0.000000000000000000, 0.000000000000000000, -1.000000000000000000 ) ) ;
#1027 = CARTESIAN_POINT ( 'NONE',  ( 2.558583481077426391, -0.7500000000000001110, -0.1250000000000000000 ) ) ;
#1028 = EDGE_CURVE ( 'NONE', #1338, #893, #434, .T. ) ;
#1029 = VECTOR ( 'NONE', #832, 39.37007874015747433 ) ;
#1030 = DIRECTION ( 'NONE',  ( 0.000000000000000000, 0.000000000000000000, 1.000000000000000000 ) ) ;
#1031 = ORIENTED_EDGE ( 'NONE', *, *, #53, .F. ) ;
#1032 = CARTESIAN_POINT ( 'NONE',  ( 4.352939746108196672, -3.290736077352393707, -0.1250000000000000000 ) ) ;
#1033 = ORIENTED_EDGE ( 'NONE', *, *, #61, .F. ) ;
#1034 = LINE ( 'NONE', #344, #331 ) ;
#1035 = DIRECTION ( 'NONE',  ( 1.000000000000000000, 0.000000000000000000, 0.000000000000000000 ) ) ;
#1036 = CARTESIAN_POINT ( 'NONE',  ( 6.047060253891811676, -3.290736077352393707, 0.000000000000000000 ) ) ;
#1037 = EDGE_LOOP ( 'NONE', ( #878, #11 ) ) ;
#1038 = CIRCLE ( 'NONE', #708, 0.2499999999999998057 ) ;
#1039 = CARTESIAN_POINT ( 'NONE',  ( 4.638356164383559133, -2.320633561643834941, -0.1250000000000000000 ) ) ;
#1040 = ORIENTED_EDGE ( 'NONE', *, *, #32, .T. ) ;
#1041 = DIRECTION ( 'NONE',  ( 0.000000000000000000, -1.000000000000000000, 0.000000000000000000 ) ) ;
#1042 = DIRECTION ( 'NONE',  ( -0.000000000000000000, -0.000000000000000000, 1.000000000000000000 ) ) ;
#1043 = CIRCLE ( 'NONE', #405, 0.1000000000000000194 ) ;
#1044 = DIRECTION ( 'NONE',  ( 0.000000000000000000, 0.000000000000000000, 1.000000000000000000 ) ) ;
#1045 = ORIENTED_EDGE ( 'NONE', *, *, #645, .T. ) ;
#1046 = CARTESIAN_POINT ( 'NONE',  ( 5.200000000000000178, -3.125000000000000000, -0.1250000000000000000 ) ) ;
#1047 = ORIENTED_EDGE ( 'NONE', *, *, #897, .T. ) ;
#1048 = EDGE_CURVE ( 'NONE', #115, #943, #542, .T. ) ;
#1049 = CARTESIAN_POINT ( 'NONE',  ( 4.512500000000000178, -2.750000000000000000, 0.000000000000000000 ) ) ;
#1050 = CYLINDRICAL_SURFACE ( 'NONE', #13, 0.1005000000000002003 ) ;
#1051 = AXIS2_PLACEMENT_3D ( 'NONE', #443, #7, #241 ) ;
#1052 = CARTESIAN_POINT ( 'NONE',  ( 5.887500000000000178, -2.750000000000000000, 0.000000000000000000 ) ) ;
#1053 = EDGE_LOOP ( 'NONE', ( #836, #570 ) ) ;
#1054 = EDGE_CURVE ( 'NONE', #1189, #610, #255, .T. ) ;
#1055 = VERTEX_POINT ( 'NONE', #995 ) ;
#1056 = EDGE_CURVE ( 'NONE', #78, #1112, #862, .T. ) ;
#1057 = CARTESIAN_POINT ( 'NONE',  ( 4.512500000000000178, -2.750000000000000000, -0.1250000000000000000 ) ) ;
#1058 = DIRECTION ( 'NONE',  ( 0.000000000000000000, -0.000000000000000000, 1.000000000000000000 ) ) ;
#1059 = FACE_OUTER_BOUND ( 'NONE', #1132, .T. ) ;
#1060 = ORIENTED_EDGE ( 'NONE', *, *, #635, .T. ) ;
#1061 = ORIENTED_EDGE ( 'NONE', *, *, #1390, .F. ) ;
#1062 = DIRECTION ( 'NONE',  ( 0.000000000000000000, 0.000000000000000000, -1.000000000000000000 ) ) ;
#1063 = CARTESIAN_POINT ( 'NONE',  ( 3.275344858322875918, -0.7236842105263158187, -0.1250000000000000000 ) ) ;
#1064 = UNCERTAINTY_MEASURE_WITH_UNIT (LENGTH_MEASURE( 1.000000000000000082E-05 ), #246, 'distance_accuracy_value', 'NONE');
#1065 = ADVANCED_FACE ( 'NONE', ( #1211 ), #432, .T. ) ;
#1066 = DIRECTION ( 'NONE',  ( 1.000000000000000000, 0.000000000000000000, 0.000000000000000000 ) ) ;
#1067 = DIRECTION ( 'NONE',  ( 0.000000000000000000, 0.000000000000000000, -1.000000000000000000 ) ) ;
#1068 = EDGE_LOOP ( 'NONE', ( #180, #993 ) ) ;
#1069 = AXIS2_PLACEMENT_3D ( 'NONE', #312, #763, #631 ) ;
#1070 = SHAPE_DEFINITION_REPRESENTATION ( #909, #961 ) ;
#1071 = LINE ( 'NONE', #48, #1387 ) ;
#1072 = AXIS2_PLACEMENT_3D ( 'NONE', #1292, #1397, #279 ) ;
#1073 = CYLINDRICAL_SURFACE ( 'NONE', #892, 0.2499999999999998057 ) ;
#1074 = EDGE_CURVE ( 'NONE', #1009, #505, #562, .T. ) ;
#1075 = FACE_BOUND ( 'NONE', #473, .T. ) ;
#1076 = EDGE_LOOP ( 'NONE', ( #427, #668 ) ) ;
#1077 = CYLINDRICAL_SURFACE ( 'NONE', #102, 0.2499999999999998057 ) ;
#1078 = AXIS2_PLACEMENT_3D ( 'NONE', #930, #1041, #1274 ) ;
#1079 = LINE ( 'NONE', #858, #877 ) ;
#1080 = VECTOR ( 'NONE', #1194, 39.37007874015748143 ) ;
#1081 = DIRECTION ( 'NONE',  ( -1.000000000000000000, 0.000000000000000000, 0.000000000000000000 ) ) ;
#1082 = AXIS2_PLACEMENT_3D ( 'NONE', #1006, #1266, #1383 ) ;
#1083 = ORIENTED_EDGE ( 'NONE', *, *, #947, .F. ) ;
#1084 = DIRECTION ( 'NONE',  ( -0.1629443094095779920, 0.9866352679845959983, 0.000000000000000000 ) ) ;
#1085 = AXIS2_PLACEMENT_3D ( 'NONE', #188, #643, #1336 ) ;
#1086 = DIRECTION ( 'NONE',  ( 0.000000000000000000, 0.000000000000000000, 1.000000000000000000 ) ) ;
#1087 = DIRECTION ( 'NONE',  ( 1.000000000000000000, 0.000000000000000000, 0.000000000000000000 ) ) ;
#1088 = VECTOR ( 'NONE', #1020, 39.37007874015748143 ) ;
#1089 = FACE_OUTER_BOUND ( 'NONE', #1023, .T. ) ;
#1090 = ORIENTED_EDGE ( 'NONE', *, *, #1074, .F. ) ;
#1091 = CARTESIAN_POINT ( 'NONE',  ( 4.450000000000000178, -2.156250000000000000, -0.1250000000000000000 ) ) ;
#1092 = AXIS2_PLACEMENT_3D ( 'NONE', #219, #351, #1359 ) ;
#1093 = ADVANCED_FACE ( 'NONE', ( #870 ), #1328, .T. ) ;
#1094 = LINE ( 'NONE', #644, #973 ) ;
#1095 = CARTESIAN_POINT ( 'NONE',  ( 5.300499999999999545, -1.625000000000000000, -0.1250000000000000000 ) ) ;
#1096 = ORIENTED_EDGE ( 'NONE', *, *, #1016, .F. ) ;
#1097 = CARTESIAN_POINT ( 'NONE',  ( 2.658583481077426480, -0.6500000000000000222, 0.000000000000000000 ) ) ;
#1098 = DIRECTION ( 'NONE',  ( 0.000000000000000000, 0.000000000000000000, -1.000000000000000000 ) ) ;
#1099 = AXIS2_PLACEMENT_3D ( 'NONE', #263, #612, #1177 ) ;
#1100 = ORIENTED_EDGE ( 'NONE', *, *, #534, .T. ) ;
#1101 = ORIENTED_EDGE ( 'NONE', *, *, #866, .F. ) ;
#1102 = CARTESIAN_POINT ( 'NONE',  ( 4.700000000000000178, -1.350000000000000089, -0.1250000000000000000 ) ) ;
#1103 = VERTEX_POINT ( 'NONE', #759 ) ;
#1104 = CARTESIAN_POINT ( 'NONE',  ( 6.136363636363642016, -2.750000000000000000, -0.1250000000000000000 ) ) ;
#1105 = VECTOR ( 'NONE', #184, 39.37007874015748143 ) ;
#1106 = ORIENTED_EDGE ( 'NONE', *, *, #254, .F. ) ;
#1107 = EDGE_LOOP ( 'NONE', ( #602, #225, #1329, #126 ) ) ;
#1108 = LINE ( 'NONE', #1218, #1394 ) ;
#1109 = ORIENTED_EDGE ( 'NONE', *, *, #819, .F. ) ;
#1110 = DIRECTION ( 'NONE',  ( 1.000000000000000000, 0.000000000000000000, 0.000000000000000000 ) ) ;
#1111 = CARTESIAN_POINT ( 'NONE',  ( 5.700000000000000178, -2.156250000000000000, -0.1250000000000000000 ) ) ;
#1112 = VERTEX_POINT ( 'NONE', #656 ) ;
#1113 = VECTOR ( 'NONE', #120, 39.37007874015748143 ) ;
#1114 = DIRECTION ( 'NONE',  ( 0.000000000000000000, 0.000000000000000000, 1.000000000000000000 ) ) ;
#1115 = EDGE_LOOP ( 'NONE', ( #1033, #148, #1434, #1061 ) ) ;
#1116 = DIRECTION ( 'NONE',  ( 1.000000000000000000, 0.000000000000000000, 0.000000000000000000 ) ) ;
#1117 = FACE_OUTER_BOUND ( 'NONE', #1107, .T. ) ;
#1118 = ORIENTED_EDGE ( 'NONE', *, *, #491, .T. ) ;
#1119 = ORIENTED_EDGE ( 'NONE', *, *, #267, .F. ) ;
#1120 = LINE ( 'NONE', #780, #383 ) ;
#1121 = AXIS2_PLACEMENT_3D ( 'NONE', #416, #72, #532 ) ;
#1122 = ORIENTED_EDGE ( 'NONE', *, *, #61, .T. ) ;
#1123 = FACE_BOUND ( 'NONE', #1068, .T. ) ;
#1124 = CARTESIAN_POINT ( 'NONE',  ( 5.310393446831728426, -0.2500000000000000000, -0.1250000000000000000 ) ) ;
#1125 = EDGE_CURVE ( 'NONE', #1103, #779, #1108, .T. ) ;
#1126 = CYLINDRICAL_SURFACE ( 'NONE', #769, 0.1005000000000002003 ) ;
#1127 = EDGE_CURVE ( 'NONE', #1448, #1342, #196, .T. ) ;
#1128 = CARTESIAN_POINT ( 'NONE',  ( 2.658583481077426480, -0.7500000000000001110, -0.1250000000000000000 ) ) ;
#1129 = VERTEX_POINT ( 'NONE', #1422 ) ;
#1130 = LINE ( 'NONE', #806, #1346 ) ;
#1131 = CLOSED_SHELL ( 'NONE', ( #799, #185, #1133, #376, #1313, #975, #591, #752, #1093, #151, #624, #526, #1438, #528, #228, #1355, #215, #1433, #1001, #476, #364, #996, #761, #1401, #1457, #388, #940, #555, #492, #1432, #1267, #1065, #919, #778, #341, #1208, #266, #453, #1254, #449, #471, #207 ) ) ;
#1132 = EDGE_LOOP ( 'NONE', ( #245, #1349, #82, #1219 ) ) ;
#1133 = ADVANCED_FACE ( 'NONE', ( #1316 ), #296, .F. ) ;
#1134 = CARTESIAN_POINT ( 'NONE',  ( 5.887500000000000178, -2.750000000000000000, -0.1250000000000000000 ) ) ;
#1135 = CARTESIAN_POINT ( 'NONE',  ( 5.099500000000000810, -2.375000000000000000, -0.1250000000000000000 ) ) ;
#1136 = VECTOR ( 'NONE', #638, 39.37007874015748143 ) ;
#1137 = AXIS2_PLACEMENT_3D ( 'NONE', #812, #1155, #516 ) ;
#1138 = CARTESIAN_POINT ( 'NONE',  ( 2.658583481077426480, -0.1000000000000000056, -0.1250000000000000000 ) ) ;
#1139 = ORIENTED_EDGE ( 'NONE', *, *, #1028, .T. ) ;
#1140 = CARTESIAN_POINT ( 'NONE',  ( 2.558583481077426391, 0.000000000000000000, -0.1250000000000000000 ) ) ;
#1141 = ORIENTED_EDGE ( 'NONE', *, *, #491, .F. ) ;
#1142 = AXIS2_PLACEMENT_3D ( 'NONE', #478, #931, #367 ) ;
#1143 = FACE_OUTER_BOUND ( 'NONE', #712, .T. ) ;
#1144 = CYLINDRICAL_SURFACE ( 'NONE', #1222, 0.1005000000000002003 ) ;
#1145 = DIRECTION ( 'NONE',  ( 0.000000000000000000, 0.000000000000000000, -1.000000000000000000 ) ) ;
#1146 = CIRCLE ( 'NONE', #579, 0.1005000000000002003 ) ;
#1147 = CARTESIAN_POINT ( 'NONE',  ( 5.410893446831729570, -0.2500000000000000000, 0.000000000000000000 ) ) ;
#1148 = ORIENTED_EDGE ( 'NONE', *, *, #1185, .F. ) ;
#1149 = CARTESIAN_POINT ( 'NONE',  ( 6.136363636363642016, -2.750000000000000000, 0.000000000000000000 ) ) ;
#1150 = VERTEX_POINT ( 'NONE', #895 ) ;
#1151 = CARTESIAN_POINT ( 'NONE',  ( 4.889606553168268199, -0.9905306485810119188, -0.1250000000000000000 ) ) ;
#1152 = CYLINDRICAL_SURFACE ( 'NONE', #313, 0.1004999999999996452 ) ;
#1153 = AXIS2_PLACEMENT_3D ( 'NONE', #1453, #682, #346 ) ;
#1154 = AXIS2_PLACEMENT_3D ( 'NONE', #568, #1238, #695 ) ;
#1155 = DIRECTION ( 'NONE',  ( 0.000000000000000000, 0.000000000000000000, 1.000000000000000000 ) ) ;
#1156 = ORIENTED_EDGE ( 'NONE', *, *, #910, .T. ) ;
#1157 = EDGE_CURVE ( 'NONE', #421, #161, #1351, .T. ) ;
#1158 = AXIS2_PLACEMENT_3D ( 'NONE', #442, #366, #1353 ) ;
#1159 = LINE ( 'NONE', #404, #777 ) ;
#1160 = ORIENTED_EDGE ( 'NONE', *, *, #670, .F. ) ;
#1161 = STYLED_ITEM ( 'NONE', ( #683 ), #57 ) ;
#1162 = DIRECTION ( 'NONE',  ( 0.000000000000000000, 0.000000000000000000, 1.000000000000000000 ) ) ;
#1163 = FACE_OUTER_BOUND ( 'NONE', #549, .T. ) ;
#1164 = EDGE_CURVE ( 'NONE', #1173, #217, #1130, .T. ) ;
#1165 = VECTOR ( 'NONE', #326, 39.37007874015748143 ) ;
#1166 = DIRECTION ( 'NONE',  ( 1.000000000000000000, 0.000000000000000000, 0.000000000000000000 ) ) ;
#1167 = VERTEX_POINT ( 'NONE', #1039 ) ;
#1168 = ORIENTED_EDGE ( 'NONE', *, *, #1337, .T. ) ;
#1169 = CARTESIAN_POINT ( 'NONE',  ( 4.341147020198937057, -2.661185706022047182, 0.000000000000000000 ) ) ;
#1170 = PLANE ( 'NONE',  #398 ) ;
#1171 = AXIS2_PLACEMENT_3D ( 'NONE', #1399, #957, #1408 ) ;
#1172 = CARTESIAN_POINT ( 'NONE',  ( 4.352939746108196672, -3.290736077352393707, 0.000000000000000000 ) ) ;
#1173 = VERTEX_POINT ( 'NONE', #1010 ) ;
#1174 = VERTEX_POINT ( 'NONE', #1021 ) ;
#1175 = DIRECTION ( 'NONE',  ( 1.000000000000000000, 0.000000000000000000, 0.000000000000000000 ) ) ;
#1176 = EDGE_CURVE ( 'NONE', #896, #927, #244, .T. ) ;
#1177 = DIRECTION ( 'NONE',  ( 1.000000000000000000, 0.000000000000000000, 0.000000000000000000 ) ) ;
#1178 = EDGE_CURVE ( 'NONE', #20, #208, #884, .T. ) ;
#1179 = CYLINDRICAL_SURFACE ( 'NONE', #290, 0.1004999999999996452 ) ;
#1180 = ORIENTED_EDGE ( 'NONE', *, *, #719, .F. ) ;
#1181 = EDGE_CURVE ( 'NONE', #94, #505, #904, .T. ) ;
#1182 = VERTEX_POINT ( 'NONE', #226 ) ;
#1183 = CARTESIAN_POINT ( 'NONE',  ( 3.850000000000000089, -1.350000000000000089, 0.000000000000000000 ) ) ;
#1184 = DIRECTION ( 'NONE',  ( 1.000000000000000000, 4.856618655403130666E-16, 0.000000000000000000 ) ) ;
#1185 = EDGE_CURVE ( 'NONE', #295, #494, #632, .T. ) ;
#1186 = PRODUCT_DEFINITION_CONTEXT ( 'detailed design', #329, 'design' ) ;
#1187 = DIRECTION ( 'NONE',  ( 0.000000000000000000, 0.000000000000000000, 1.000000000000000000 ) ) ;
#1188 = CARTESIAN_POINT ( 'NONE',  ( 5.700000000000000178, -2.156250000000000000, -0.1250000000000000000 ) ) ;
#1189 = VERTEX_POINT ( 'NONE', #106 ) ;
#1190 = DIRECTION ( 'NONE',  ( 1.000000000000000000, 0.000000000000000000, 0.000000000000000000 ) ) ;
#1191 = CARTESIAN_POINT ( 'NONE',  ( 4.512500000000000178, -2.750000000000000000, -0.1250000000000000000 ) ) ;
#1192 = CARTESIAN_POINT ( 'NONE',  ( 6.058852979801064187, -2.661185706022047182, 0.000000000000000000 ) ) ;
#1193 = ORIENTED_EDGE ( 'NONE', *, *, #941, .F. ) ;
#1194 = DIRECTION ( 'NONE',  ( 0.000000000000000000, 0.000000000000000000, 1.000000000000000000 ) ) ;
#1195 = DIRECTION ( 'NONE',  ( -4.856618655403130666E-16, 1.000000000000000000, 0.000000000000000000 ) ) ;
#1196 = CARTESIAN_POINT ( 'NONE',  ( 4.529503184582496012, -2.825569267665882123, 0.000000000000000000 ) ) ;
#1197 = CIRCLE ( 'NONE', #510, 0.2499999999999998057 ) ;
#1198 = CARTESIAN_POINT ( 'NONE',  ( 3.850000000000000089, -1.350000000000000089, 0.000000000000000000 ) ) ;
#1199 = EDGE_CURVE ( 'NONE', #1335, #494, #324, .T. ) ;
#1200 = EDGE_CURVE ( 'NONE', #1150, #155, #1231, .T. ) ;
#1201 = VERTEX_POINT ( 'NONE', #1262 ) ;
#1202 = CARTESIAN_POINT ( 'NONE',  ( 4.789106553168267943, -0.9905306485810119188, -0.1250000000000000000 ) ) ;
#1203 = AXIS2_PLACEMENT_3D ( 'NONE', #1449, #1226, #174 ) ;
#1204 = FACE_BOUND ( 'NONE', #1428, .T. ) ;
#1205 = LINE ( 'NONE', #640, #400 ) ;
#1206 =( GEOMETRIC_REPRESENTATION_CONTEXT ( 3 ) GLOBAL_UNCERTAINTY_ASSIGNED_CONTEXT ( ( #384 ) ) GLOBAL_UNIT_ASSIGNED_CONTEXT ( ( #1278, #788, #1244 ) ) REPRESENTATION_CONTEXT ( 'NONE', 'WORKASPACE' ) );
#1207 = CARTESIAN_POINT ( 'NONE',  ( 3.410893446831728681, -0.2500000000000000000, 0.000000000000000000 ) ) ;
#1208 = ADVANCED_FACE ( 'NONE', ( #332 ), #661, .F. ) ;
#1209 = EDGE_CURVE ( 'NONE', #943, #929, #1365, .T. ) ;
#1210 = EDGE_LOOP ( 'NONE', ( #389, #173, #676, #1045 ) ) ;
#1211 = FACE_OUTER_BOUND ( 'NONE', #275, .T. ) ;
#1212 = AXIS2_PLACEMENT_3D ( 'NONE', #790, #1255, #577 ) ;
#1213 = VECTOR ( 'NONE', #1302, 39.37007874015748143 ) ;
#1214 = DIRECTION ( 'NONE',  ( 1.000000000000000000, 0.000000000000000000, 0.000000000000000000 ) ) ;
#1215 = CARTESIAN_POINT ( 'NONE',  ( 2.558583481077426391, -0.7500000000000001110, -0.1250000000000000000 ) ) ;
#1216 = VECTOR ( 'NONE', #841, 39.37007874015748143 ) ;
#1217 = EDGE_LOOP ( 'NONE', ( #124, #1321, #688, #98 ) ) ;
#1218 = CARTESIAN_POINT ( 'NONE',  ( 6.136363636363642016, -2.750000000000000000, -0.1250000000000000000 ) ) ;
#1219 = ORIENTED_EDGE ( 'NONE', *, *, #76, .T. ) ;
#1220 = CARTESIAN_POINT ( 'NONE',  ( 5.209893446831728170, -0.2500000000000000000, -0.1250000000000000000 ) ) ;
#1221 = EDGE_CURVE ( 'NONE', #791, #1338, #12, .T. ) ;
#1222 = AXIS2_PLACEMENT_3D ( 'NONE', #1151, #128, #1116 ) ;
#1223 = CIRCLE ( 'NONE', #463, 0.2499999999999998057 ) ;
#1224 = ORIENTED_EDGE ( 'NONE', *, *, #1176, .F. ) ;
#1225 = ORIENTED_EDGE ( 'NONE', *, *, #1293, .T. ) ;
#1226 = DIRECTION ( 'NONE',  ( 0.000000000000000000, 0.000000000000000000, 1.000000000000000000 ) ) ;
#1227 = ORIENTED_EDGE ( 'NONE', *, *, #1157, .F. ) ;
#1228 = DIRECTION ( 'NONE',  ( 0.000000000000000000, 0.000000000000000000, 1.000000000000000000 ) ) ;
#1229 = CIRCLE ( 'NONE', #64, 0.1005000000000002003 ) ;
#1230 = ORIENTED_EDGE ( 'NONE', *, *, #1290, .F. ) ;
#1231 = LINE ( 'NONE', #96, #1463 ) ;
#1232 = VERTEX_POINT ( 'NONE', #1002 ) ;
#1233 = LINE ( 'NONE', #776, #1113 ) ;
#1234 = EDGE_LOOP ( 'NONE', ( #934, #325, #1090, #1456 ) ) ;
#1235 = ORIENTED_EDGE ( 'NONE', *, *, #1127, .T. ) ;
#1236 = VECTOR ( 'NONE', #1145, 39.37007874015748143 ) ;
#1237 = EDGE_CURVE ( 'NONE', #918, #1232, #1120, .T. ) ;
#1238 = DIRECTION ( 'NONE',  ( 0.000000000000000000, 0.000000000000000000, 1.000000000000000000 ) ) ;
#1239 = ORIENTED_EDGE ( 'NONE', *, *, #613, .T. ) ;
#1240 = CARTESIAN_POINT ( 'NONE',  ( 5.209893446831728170, -0.2500000000000000000, -0.1250000000000000000 ) ) ;
#1241 = DIRECTION ( 'NONE',  ( 0.000000000000000000, 0.000000000000000000, 1.000000000000000000 ) ) ;
#1242 = CARTESIAN_POINT ( 'NONE',  ( 4.512500000000000178, -2.750000000000000000, -0.1250000000000000000 ) ) ;
#1243 = EDGE_CURVE ( 'NONE', #87, #433, #210, .T. ) ;
#1244 =( NAMED_UNIT ( * ) SI_UNIT ( $, .STERADIAN. ) SOLID_ANGLE_UNIT ( ) );
#1245 = ORIENTED_EDGE ( 'NONE', *, *, #864, .F. ) ;
#1246 = CARTESIAN_POINT ( 'NONE',  ( 3.310393446831728870, -0.2500000000000000000, 0.000000000000000000 ) ) ;
#1247 = EDGE_CURVE ( 'NONE', #875, #136, #596, .T. ) ;
#1248 = ORIENTED_EDGE ( 'NONE', *, *, #1237, .T. ) ;
#1249 = PLANE ( 'NONE',  #118 ) ;
#1250 = CARTESIAN_POINT ( 'NONE',  ( 5.949999999999999289, -2.156250000000000000, 0.000000000000000000 ) ) ;
#1251 = CARTESIAN_POINT ( 'NONE',  ( 5.450000000000000178, 0.000000000000000000, -0.1250000000000000000 ) ) ;
#1252 = DIRECTION ( 'NONE',  ( 0.000000000000000000, 0.000000000000000000, 1.000000000000000000 ) ) ;
#1253 = ORIENTED_EDGE ( 'NONE', *, *, #131, .T. ) ;
#1254 = ADVANCED_FACE ( 'NONE', ( #669 ), #558, .F. ) ;
#1255 = DIRECTION ( 'NONE',  ( -0.000000000000000000, -0.000000000000000000, 1.000000000000000000 ) ) ;
#1256 = ORIENTED_EDGE ( 'NONE', *, *, #258, .F. ) ;
#1257 = DIRECTION ( 'NONE',  ( 0.000000000000000000, 0.000000000000000000, 1.000000000000000000 ) ) ;
#1258 = DIRECTION ( 'NONE',  ( 1.000000000000000000, 0.000000000000000000, 0.000000000000000000 ) ) ;
#1259 = CARTESIAN_POINT ( 'NONE',  ( 2.810393446831728426, -0.2500000000000000000, -0.1250000000000000000 ) ) ;
#1260 = LINE ( 'NONE', #592, #953 ) ;
#1261 = ORIENTED_EDGE ( 'NONE', *, *, #1464, .T. ) ;
#1262 = CARTESIAN_POINT ( 'NONE',  ( 5.209893446831728170, -0.2500000000000000000, 0.000000000000000000 ) ) ;
#1263 = EDGE_CURVE ( 'NONE', #433, #1009, #465, .T. ) ;
#1264 = EDGE_LOOP ( 'NONE', ( #1385, #1421, #871, #1101 ) ) ;
#1265 = DIRECTION ( 'NONE',  ( -0.000000000000000000, -0.000000000000000000, 1.000000000000000000 ) ) ;
#1266 = DIRECTION ( 'NONE',  ( 0.000000000000000000, 0.000000000000000000, 1.000000000000000000 ) ) ;
#1267 = ADVANCED_FACE ( 'NONE', ( #358 ), #594, .F. ) ;
#1268 = AXIS2_PLACEMENT_3D ( 'NONE', #1250, #1026, #230 ) ;
#1269 = FILL_AREA_STYLE_COLOUR ( '', #1281 ) ;
#1270 = ORIENTED_EDGE ( 'NONE', *, *, #613, .F. ) ;
#1271 = DIRECTION ( 'NONE',  ( 1.000000000000000000, 0.000000000000000000, 0.000000000000000000 ) ) ;
#1272 = ORIENTED_EDGE ( 'NONE', *, *, #715, .F. ) ;
#1273 = VECTOR ( 'NONE', #717, 39.37007874015748143 ) ;
#1274 = DIRECTION ( 'NONE',  ( 0.000000000000000000, 0.000000000000000000, -1.000000000000000000 ) ) ;
#1275 = CARTESIAN_POINT ( 'NONE',  ( 4.889606553168268199, -0.9905306485810119188, -0.1250000000000000000 ) ) ;
#1276 = EDGE_CURVE ( 'NONE', #505, #87, #1380, .T. ) ;
#1277 = VECTOR ( 'NONE', #1344, 39.37007874015748143 ) ;
#1278 =( CONVERSION_BASED_UNIT ( 'INCH', #911 ) LENGTH_UNIT ( ) NAMED_UNIT ( #1375 ) );
#1279 = EDGE_LOOP ( 'NONE', ( #511, #1295 ) ) ;
#1280 = VERTEX_POINT ( 'NONE', #704 ) ;
#1281 = COLOUR_RGB ( '',0.7921568627450980005, 0.8196078431372548767, 0.9333333333333333481 ) ;
#1282 = CARTESIAN_POINT ( 'NONE',  ( 5.700000000000000178, -0.2500000000000000000, 0.000000000000000000 ) ) ;
#1283 = FACE_OUTER_BOUND ( 'NONE', #1234, .T. ) ;
#1284 = CIRCLE ( 'NONE', #952, 0.2499999999999998057 ) ;
#1285 = CYLINDRICAL_SURFACE ( 'NONE', #569, 0.2499999999999998057 ) ;
#1286 = AXIS2_PLACEMENT_3D ( 'NONE', #693, #1252, #575 ) ;
#1287 = ORIENTED_EDGE ( 'NONE', *, *, #190, .T. ) ;
#1288 = EDGE_CURVE ( 'NONE', #1055, #1150, #830, .T. ) ;
#1289 = EDGE_LOOP ( 'NONE', ( #774, #1156 ) ) ;
#1290 = EDGE_CURVE ( 'NONE', #168, #971, #1159, .T. ) ;
#1291 = DIRECTION ( 'NONE',  ( 0.000000000000000000, 0.000000000000000000, 1.000000000000000000 ) ) ;
#1292 = CARTESIAN_POINT ( 'NONE',  ( 5.800401436895653795, -3.250000000000000000, 0.000000000000000000 ) ) ;
#1293 = EDGE_CURVE ( 'NONE', #983, #929, #1323, .T. ) ;
#1294 = PLANE ( 'NONE',  #978 ) ;
#1295 = ORIENTED_EDGE ( 'NONE', *, *, #534, .F. ) ;
#1296 = EDGE_CURVE ( 'NONE', #1103, #1232, #1284, .T. ) ;
#1297 = EDGE_LOOP ( 'NONE', ( #679, #829, #732, #997 ) ) ;
#1298 = PLANE ( 'NONE',  #1340 ) ;
#1299 = CARTESIAN_POINT ( 'NONE',  ( 0.000000000000000000, 0.000000000000000000, 0.000000000000000000 ) ) ;
#1300 = CIRCLE ( 'NONE', #1341, 0.1005000000000002003 ) ;
#1301 = CARTESIAN_POINT ( 'NONE',  ( 4.599598563104346560, -3.500000000000000444, -0.1250000000000000000 ) ) ;
#1302 = DIRECTION ( 'NONE',  ( 0.000000000000000000, -1.000000000000000000, 0.000000000000000000 ) ) ;
#1303 = ORIENTED_EDGE ( 'NONE', *, *, #1464, .F. ) ;
#1304 = AXIS2_PLACEMENT_3D ( 'NONE', #816, #551, #1362 ) ;
#1305 = FACE_OUTER_BOUND ( 'NONE', #629, .T. ) ;
#1306 = DIRECTION ( 'NONE',  ( 1.000000000000000000, 0.000000000000000000, 0.000000000000000000 ) ) ;
#1307 = CARTESIAN_POINT ( 'NONE',  ( 3.310393446831728870, -0.2500000000000000000, -0.1250000000000000000 ) ) ;
#1308 = VERTEX_POINT ( 'NONE', #991 ) ;
#1309 = PLANE ( 'NONE',  #885 ) ;
#1310 = CARTESIAN_POINT ( 'NONE',  ( 5.700000000000000178, 0.000000000000000000, 0.000000000000000000 ) ) ;
#1311 = AXIS2_PLACEMENT_3D ( 'NONE', #1027, #749, #860 ) ;
#1312 = DIRECTION ( 'NONE',  ( 0.000000000000000000, 0.000000000000000000, 1.000000000000000000 ) ) ;
#1313 = ADVANCED_FACE ( 'NONE', ( #539 ), #1430, .F. ) ;
#1314 = FACE_BOUND ( 'NONE', #1326, .T. ) ;
#1315 = ORIENTED_EDGE ( 'NONE', *, *, #97, .T. ) ;
#1316 = FACE_OUTER_BOUND ( 'NONE', #694, .T. ) ;
#1317 = FACE_BOUND ( 'NONE', #251, .T. ) ;
#1318 = EDGE_CURVE ( 'NONE', #142, #408, #529, .T. ) ;
#1319 = CARTESIAN_POINT ( 'NONE',  ( 5.200000000000000178, -2.375000000000000000, -0.1250000000000000000 ) ) ;
#1320 = FACE_OUTER_BOUND ( 'NONE', #696, .T. ) ;
#1321 = ORIENTED_EDGE ( 'NONE', *, *, #635, .F. ) ;
#1322 = LINE ( 'NONE', #1102, #1080 ) ;
#1323 = LINE ( 'NONE', #1310, #306 ) ;
#1324 = CARTESIAN_POINT ( 'NONE',  ( 5.800401436895653795, -3.250000000000000000, -0.1250000000000000000 ) ) ;
#1325 = ORIENTED_EDGE ( 'NONE', *, *, #787, .F. ) ;
#1326 = EDGE_LOOP ( 'NONE', ( #1325, #357 ) ) ;
#1327 = EDGE_CURVE ( 'NONE', #1012, #791, #1330, .T. ) ;
#1328 = CYLINDRICAL_SURFACE ( 'NONE', #513, 0.2499999999999998057 ) ;
#1329 = ORIENTED_EDGE ( 'NONE', *, *, #1290, .T. ) ;
#1330 = CIRCLE ( 'NONE', #639, 0.1004999999999996452 ) ;
#1331 = CIRCLE ( 'NONE', #1400, 0.2499999999999998057 ) ;
#1332 = LINE ( 'NONE', #176, #850 ) ;
#1333 = VECTOR ( 'NONE', #590, 39.37007874015748143 ) ;
#1334 = ORIENTED_EDGE ( 'NONE', *, *, #368, .F. ) ;
#1335 = VERTEX_POINT ( 'NONE', #981 ) ;
#1336 = DIRECTION ( 'NONE',  ( 1.000000000000000000, 0.000000000000000000, 0.000000000000000000 ) ) ;
#1337 = EDGE_CURVE ( 'NONE', #958, #595, #992, .T. ) ;
#1338 = VERTEX_POINT ( 'NONE', #1339 ) ;
#1339 = CARTESIAN_POINT ( 'NONE',  ( 5.786999999999999922, -2.750000000000000000, 0.000000000000000000 ) ) ;
#1340 = AXIS2_PLACEMENT_3D ( 'NONE', #512, #728, #1417 ) ;
#1341 = AXIS2_PLACEMENT_3D ( 'NONE', #1275, #605, #729 ) ;
#1342 = VERTEX_POINT ( 'NONE', #1445 ) ;
#1343 = ORIENTED_EDGE ( 'NONE', *, *, #1337, .F. ) ;
#1344 = DIRECTION ( 'NONE',  ( -1.000000000000000000, -0.000000000000000000, -0.000000000000000000 ) ) ;
#1345 = ORIENTED_EDGE ( 'NONE', *, *, #1178, .F. ) ;
#1346 = VECTOR ( 'NONE', #585, 39.37007874015748143 ) ;
#1347 = LINE ( 'NONE', #917, #599 ) ;
#1348 = AXIS2_PLACEMENT_3D ( 'NONE', #1196, #177, #1087 ) ;
#1349 = ORIENTED_EDGE ( 'NONE', *, *, #1327, .F. ) ;
#1350 = ORIENTED_EDGE ( 'NONE', *, *, #454, .T. ) ;
#1351 = LINE ( 'NONE', #1149, #323 ) ;
#1352 = VERTEX_POINT ( 'NONE', #298 ) ;
#1353 = DIRECTION ( 'NONE',  ( 1.000000000000000000, 0.000000000000000000, 0.000000000000000000 ) ) ;
#1354 = LINE ( 'NONE', #336, #1358 ) ;
#1355 = ADVANCED_FACE ( 'NONE', ( #741 ), #304, .F. ) ;
#1356 = ORIENTED_EDGE ( 'NONE', *, *, #1209, .T. ) ;
#1357 = ORIENTED_EDGE ( 'NONE', *, *, #1125, .T. ) ;
#1358 = VECTOR ( 'NONE', #785, 39.37007874015748143 ) ;
#1359 = DIRECTION ( 'NONE',  ( 1.000000000000000000, 0.000000000000000000, 0.000000000000000000 ) ) ;
#1360 = ORIENTED_EDGE ( 'NONE', *, *, #1199, .T. ) ;
#1361 = CARTESIAN_POINT ( 'NONE',  ( 3.850000000000000089, -1.350000000000000089, -0.1250000000000000000 ) ) ;
#1362 = DIRECTION ( 'NONE',  ( 1.000000000000000000, 0.000000000000000000, 0.000000000000000000 ) ) ;
#1363 = DIRECTION ( 'NONE',  ( 0.000000000000000000, 0.000000000000000000, -1.000000000000000000 ) ) ;
#1364 = EDGE_LOOP ( 'NONE', ( #314, #713, #1235, #1040 ) ) ;
#1365 = LINE ( 'NONE', #686, #1007 ) ;
#1366 = EDGE_LOOP ( 'NONE', ( #1148, #861 ) ) ;
#1367 = CARTESIAN_POINT ( 'NONE',  ( 5.099500000000000810, -1.625000000000000000, -0.1250000000000000000 ) ) ;
#1368 = DIRECTION ( 'NONE',  ( 0.000000000000000000, 0.000000000000000000, 1.000000000000000000 ) ) ;
#1369 = CARTESIAN_POINT ( 'NONE',  ( 5.200000000000000178, -1.625000000000000000, 0.000000000000000000 ) ) ;
#1370 = DIRECTION ( 'NONE',  ( 0.000000000000000000, 0.000000000000000000, 1.000000000000000000 ) ) ;
#1371 = ORIENTED_EDGE ( 'NONE', *, *, #347, .F. ) ;
#1372 = DIRECTION ( 'NONE',  ( 0.000000000000000000, -0.000000000000000000, 1.000000000000000000 ) ) ;
#1373 = VERTEX_POINT ( 'NONE', #205 ) ;
#1374 = DIRECTION ( 'NONE',  ( -0.000000000000000000, -0.000000000000000000, 1.000000000000000000 ) ) ;
#1375 = DIMENSIONAL_EXPONENTS ( 1.000000000000000000, 0.000000000000000000, 0.000000000000000000, 0.000000000000000000, 0.000000000000000000, 0.000000000000000000, 0.000000000000000000 ) ;
#1376 = DIRECTION ( 'NONE',  ( -0.000000000000000000, 1.000000000000000000, -0.000000000000000000 ) ) ;
#1377 = CARTESIAN_POINT ( 'NONE',  ( 5.700000000000000178, 0.000000000000000000, -0.1250000000000000000 ) ) ;
#1378 = CARTESIAN_POINT ( 'NONE',  ( 3.275344858322875918, -0.7236842105263158187, 0.000000000000000000 ) ) ;
#1379 = EDGE_LOOP ( 'NONE', ( #419, #608 ) ) ;
#1380 = LINE ( 'NONE', #814, #1444 ) ;
#1381 = ORIENTED_EDGE ( 'NONE', *, *, #734, .T. ) ;
#1382 = LINE ( 'NONE', #801, #248 ) ;
#1383 = DIRECTION ( 'NONE',  ( 1.000000000000000000, 0.000000000000000000, 0.000000000000000000 ) ) ;
#1384 = DIRECTION ( 'NONE',  ( 0.000000000000000000, 0.000000000000000000, 1.000000000000000000 ) ) ;
#1385 = ORIENTED_EDGE ( 'NONE', *, *, #889, .F. ) ;
#1386 = VERTEX_POINT ( 'NONE', #1220 ) ;
#1387 = VECTOR ( 'NONE', #623, 39.37007874015748143 ) ;
#1388 = CYLINDRICAL_SURFACE ( 'NONE', #553, 0.1004999999999996452 ) ;
#1389 = DIRECTION ( 'NONE',  ( 0.000000000000000000, 0.000000000000000000, 1.000000000000000000 ) ) ;
#1390 = EDGE_CURVE ( 'NONE', #217, #318, #1094, .T. ) ;
#1391 = DIRECTION ( 'NONE',  ( 1.000000000000000000, 0.000000000000000000, 0.000000000000000000 ) ) ;
#1392 = ORIENTED_EDGE ( 'NONE', *, *, #859, .T. ) ;
#1393 = ORIENTED_EDGE ( 'NONE', *, *, #1185, .T. ) ;
#1394 = VECTOR ( 'NONE', #65, 39.37007874015748143 ) ;
#1395 = DIRECTION ( 'NONE',  ( 0.000000000000000000, 0.000000000000000000, 1.000000000000000000 ) ) ;
#1396 = EDGE_CURVE ( 'NONE', #1201, #27, #618, .T. ) ;
#1397 = DIRECTION ( 'NONE',  ( 0.000000000000000000, 0.000000000000000000, 1.000000000000000000 ) ) ;
#1398 = EDGE_CURVE ( 'NONE', #1112, #896, #873, .T. ) ;
#1399 = CARTESIAN_POINT ( 'NONE',  ( 5.310393446831728426, -0.2500000000000000000, 0.000000000000000000 ) ) ;
#1400 = AXIS2_PLACEMENT_3D ( 'NONE', #172, #1414, #835 ) ;
#1401 = ADVANCED_FACE ( 'NONE', ( #651 ), #1424, .T. ) ;
#1402 = VERTEX_POINT ( 'NONE', #80 ) ;
#1403 = ORIENTED_EDGE ( 'NONE', *, *, #93, .F. ) ;
#1404 = CARTESIAN_POINT ( 'NONE',  ( 5.099500000000000810, -2.375000000000000000, 0.000000000000000000 ) ) ;
#1405 = DIRECTION ( 'NONE',  ( 0.000000000000000000, 0.000000000000000000, 1.000000000000000000 ) ) ;
#1406 = VECTOR ( 'NONE', #865, 39.37007874015748143 ) ;
#1407 = LINE ( 'NONE', #730, #1105 ) ;
#1408 = DIRECTION ( 'NONE',  ( 1.000000000000000000, 0.000000000000000000, 0.000000000000000000 ) ) ;
#1409 = AXIS2_PLACEMENT_3D ( 'NONE', #581, #1241, #924 ) ;
#1410 = VERTEX_POINT ( 'NONE', #872 ) ;
#1411 = CARTESIAN_POINT ( 'NONE',  ( 3.207738371066743532, -0.7500000000000001110, -0.1250000000000000000 ) ) ;
#1412 = AXIS2_PLACEMENT_3D ( 'NONE', #1242, #890, #674 ) ;
#1413 = CARTESIAN_POINT ( 'NONE',  ( 4.529503184582496012, -2.825569267665882123, -0.1250000000000000000 ) ) ;
#1414 = DIRECTION ( 'NONE',  ( 0.000000000000000000, 0.000000000000000000, 1.000000000000000000 ) ) ;
#1415 = ORIENTED_EDGE ( 'NONE', *, *, #338, .F. ) ;
#1416 = CIRCLE ( 'NONE', #845, 0.2499999999999998057 ) ;
#1417 = DIRECTION ( 'NONE',  ( 1.000000000000000000, 0.000000000000000000, 0.000000000000000000 ) ) ;
#1418 = EDGE_CURVE ( 'NONE', #593, #78, #1332, .T. ) ;
#1419 = CARTESIAN_POINT ( 'NONE',  ( 4.889606553168268199, -0.9905306485810119188, 0.000000000000000000 ) ) ;
#1420 = CARTESIAN_POINT ( 'NONE',  ( 5.450000000000000178, 0.000000000000000000, 0.000000000000000000 ) ) ;
#1421 = ORIENTED_EDGE ( 'NONE', *, *, #1318, .F. ) ;
#1422 = CARTESIAN_POINT ( 'NONE',  ( 5.410893446831729570, -0.2500000000000000000, -0.1250000000000000000 ) ) ;
#1423 = EDGE_CURVE ( 'NONE', #1150, #1055, #1017, .T. ) ;
#1424 = PLANE ( 'NONE',  #240 ) ;
#1425 = CIRCLE ( 'NONE', #337, 0.1004999999999996452 ) ;
#1426 = FACE_OUTER_BOUND ( 'NONE', #765, .T. ) ;
#1427 = CYLINDRICAL_SURFACE ( 'NONE', #1082, 0.1005000000000002003 ) ;
#1428 = EDGE_LOOP ( 'NONE', ( #566, #203 ) ) ;
#1429 = DIRECTION ( 'NONE',  ( 0.000000000000000000, 0.000000000000000000, -1.000000000000000000 ) ) ;
#1430 = CYLINDRICAL_SURFACE ( 'NONE', #1475, 0.1004999999999996452 ) ;
#1431 = CARTESIAN_POINT ( 'NONE',  ( 2.910893446831728681, -0.2500000000000000000, -0.1250000000000000000 ) ) ;
#1432 = ADVANCED_FACE ( 'NONE', ( #86 ), #879, .F. ) ;
#1433 = ADVANCED_FACE ( 'NONE', ( #67, #1317, #1204, #221, #1123, #108, #467, #127, #792, #1143 ), #698, .F. ) ;
#1434 = ORIENTED_EDGE ( 'NONE', *, *, #1465, .F. ) ;
#1435 = CARTESIAN_POINT ( 'NONE',  ( 3.207738371066743532, -0.6500000000000000222, -0.1250000000000000000 ) ) ;
#1436 = ORIENTED_EDGE ( 'NONE', *, *, #1439, .F. ) ;
#1437 = CARTESIAN_POINT ( 'NONE',  ( 5.800401436895653795, -3.250000000000000000, -0.1250000000000000000 ) ) ;
#1438 = ADVANCED_FACE ( 'NONE', ( #587 ), #888, .F. ) ;
#1439 = EDGE_CURVE ( 'NONE', #559, #1468, #447, .T. ) ;
#1440 = ORIENTED_EDGE ( 'NONE', *, *, #277, .F. ) ;
#1441 = EDGE_LOOP ( 'NONE', ( #1256, #703, #540, #1315 ) ) ;
#1442 = CARTESIAN_POINT ( 'NONE',  ( 5.887500000000000178, -2.750000000000000000, 0.000000000000000000 ) ) ;
#1443 = ORIENTED_EDGE ( 'NONE', *, *, #1296, .F. ) ;
#1444 = VECTOR ( 'NONE', #143, 39.37007874015748143 ) ;
#1445 = CARTESIAN_POINT ( 'NONE',  ( 5.761643835616441223, -2.320633561643834941, -0.1250000000000000000 ) ) ;
#1446 = AXIS2_PLACEMENT_3D ( 'NONE', #1319, #1312, #305 ) ;
#1447 = EDGE_LOOP ( 'NONE', ( #922, #456, #22, #654 ) ) ;
#1448 = VERTEX_POINT ( 'NONE', #782 ) ;
#1449 = CARTESIAN_POINT ( 'NONE',  ( 2.810393446831728426, -0.2500000000000000000, 0.000000000000000000 ) ) ;
#1450 = ORIENTED_EDGE ( 'NONE', *, *, #1074, .T. ) ;
#1451 = CARTESIAN_POINT ( 'NONE',  ( 2.658583481077426480, -0.1000000000000000056, 0.000000000000000000 ) ) ;
#1452 = CIRCLE ( 'NONE', #1409, 0.2499999999999998057 ) ;
#1453 = CARTESIAN_POINT ( 'NONE',  ( 4.700000000000000178, -2.250000000000000000, -0.1250000000000000000 ) ) ;
#1454 = DIMENSIONAL_EXPONENTS ( 1.000000000000000000, 0.000000000000000000, 0.000000000000000000, 0.000000000000000000, 0.000000000000000000, 0.000000000000000000, 0.000000000000000000 ) ;
#1455 = VECTOR ( 'NONE', #648, 39.37007874015748143 ) ;
#1456 = ORIENTED_EDGE ( 'NONE', *, *, #1263, .F. ) ;
#1457 = ADVANCED_FACE ( 'NONE', ( #906 ), #1249, .T. ) ;
#1458 = ORIENTED_EDGE ( 'NONE', *, *, #454, .F. ) ;
#1459 = DIRECTION ( 'NONE',  ( 1.000000000000000000, 0.000000000000000000, 0.000000000000000000 ) ) ;
#1460 = ORIENTED_EDGE ( 'NONE', *, *, #81, .T. ) ;
#1461 = APPLICATION_PROTOCOL_DEFINITION ( 'draft international standard', 'automotive_design', 1998, #329 ) ;
#1462 = CYLINDRICAL_SURFACE ( 'NONE', #507, 0.1005000000000007415 ) ;
#1463 = VECTOR ( 'NONE', #211, 39.37007874015748143 ) ;
#1464 = EDGE_CURVE ( 'NONE', #1386, #1201, #229, .T. ) ;
#1465 = EDGE_CURVE ( 'NONE', #318, #820, #1043, .T. ) ;
#1466 = CARTESIAN_POINT ( 'NONE',  ( 4.599598563104346560, -3.500000000000000444, 0.000000000000000000 ) ) ;
#1467 = VECTOR ( 'NONE', #942, 39.37007874015748143 ) ;
#1468 = VERTEX_POINT ( 'NONE', #1367 ) ;
#1469 = ORIENTED_EDGE ( 'NONE', *, *, #32, .F. ) ;
#1470 = DIRECTION ( 'NONE',  ( -0.000000000000000000, -0.000000000000000000, 1.000000000000000000 ) ) ;
#1471 = ORIENTED_EDGE ( 'NONE', *, *, #294, .T. ) ;
#1472 = EDGE_CURVE ( 'NONE', #136, #1182, #1034, .T. ) ;
#1473 = LINE ( 'NONE', #354, #771 ) ;
#1474 = EDGE_CURVE ( 'NONE', #820, #543, #15, .T. ) ;
#1475 = AXIS2_PLACEMENT_3D ( 'NONE', #974, #544, #857 ) ;
#1476 = AXIS2_PLACEMENT_3D ( 'NONE', #1138, #19, #1166 ) ;
#1477 = CARTESIAN_POINT ( 'NONE',  ( 2.658583481077426480, 0.000000000000000000, 0.000000000000000000 ) ) ;
ENDSEC;
END-ISO-10303-21;
